도시명,행정구역,동,면적,도시공원 면적,도시,gini,점수,순위
대구광역시,중구,동인동,0.99,85018,대구광역시,0.5595174412,44,31
대구광역시,중구,삼덕동,0.64,0,광주광역시,0.2876059959,71,14
대구광역시,중구,성내동,2.45,348276.1,대전광역시,0.341127211,66,15
대구광역시,중구,대신동,0.52,559,부산광역시,0.5096879009,49,25
대구광역시,중구,대봉동,0.84,2452,서울특별시,0.6551567818,34,37
대구광역시,중구,남산동,1.62,168610,세종특별자치시,0.7344024021,27,51
대구광역시,동구,신암동,3.26,164260.8,울산광역시,0.4913446179,51,24
대구광역시,동구,신천동,1.96,52708,인천광역시,0.5573967281,44,30
대구광역시,동구,공산동,83.8,137303.8,강릉시,0.6897097839,31,45
대구광역시,동구,효목동,2.09,102990.6,동해시,0.6787656328,32,43
대구광역시,동구,혁신동,16.42,367325.7,삼척시,0.8127979912,19,73
대구광역시,동구,도평동,20.73,627573,속초시,0.5299357746,47,27
대구광역시,동구,불로봉무동,7.78,646076.6,원주시,0.7536162038,25,58
대구광역시,동구,안심동,25.57,605292.6,춘천시,0.7717096586,23,63
대구광역시,동구,해안동,13.3,0,태백시,0.7673574569,23,60
대구광역시,동구,지저동,2.17,0,고양시,0.3674357221,63,17
대구광역시,동구,동촌동,3.81,76027.5,과천시,0.2850346702,71,12
대구광역시,동구,방촌동,1.26,0,광명시,0.4225760314,58,20
대구광역시,서구,이천동,1.09,0,광주시,0.7705001786,23,62
대구광역시,서구,봉덕동,6.24,3250.4,구리시,0.2857699476,71,13
대구광역시,서구,대명동,10.1,3638935.5,군포시,0.7479640124,25,57
대구광역시,남구,내당동,1.87,26908.1,김포시,0.5118696231,49,26
대구광역시,남구,비산동,4.81,10100,남양주시,0.4138713426,59,19
대구광역시,남구,평리동,3.33,26781,동두천시,0,100,1
대구광역시,남구,상중이동,6.71,116250,부천시,0.1808404212,82,9
대구광역시,남구,원대동,0.6,2025,성남시,0.3527534373,65,16
대구광역시,북구,고성동,0.53,0,수원시,0.2492125202,75,11
대구광역시,북구,칠성동,1.33,3312,시흥시,0.7930301268,21,69
대구광역시,북구,침산동,3.3,119062,안산시,0.07253987327,93,3
대구광역시,북구,산격동,4.74,480527.1,안성시,0.7808994228,22,65
대구광역시,북구,대현동,1.22,3063.9,안양시,0.1798327991,82,8
대구광역시,북구,복현동,2.25,15576,양주시,0.7764027636,22,64
대구광역시,북구,검단동,3.81,0,여주시,0.8411523562,16,76
대구광역시,북구,노원동,3.09,6360.3,오산시,0.4292426077,57,21
대구광역시,북구,무태조야동,23.25,80665.8,용인시,0.1108613765,89,6
대구광역시,북구,관문동,14.63,75118.6,의왕시,0.5537723791,45,29
대구광역시,북구,태전동,4.41,156272,의정부시,0.4634894256,54,23
대구광역시,북구,구암동,4.41,64304,이천시,0.8844072421,12,82
대구광역시,북구,관음동,3,79277.1,파주시,0.7315200708,27,50
대구광역시,북구,국우동,17.19,30006.3,평택시,0.1783404159,82,7
대구광역시,북구,읍내동,5.71,10993308,포천시,0.7468166002,25,55
대구광역시,북구,동천동,1.12,20250,하남시,0.7818954757,22,66
대구광역시,수성구,범어동,11.64,201926,화성시,0.6666148586,33,39
대구광역시,수성구,만촌동,6.28,58624,거제시,0.6704894604,33,40
대구광역시,수성구,수성가동,1.86,0,김해시,0.6039241652,40,32
대구광역시,수성구,황금동,3.85,2000,밀양시,0.6827122974,32,44
대구광역시,수성구,중동,0.91,10738,사천시,0.6923342864,31,47
대구광역시,수성구,상동,1.33,415747,양산시,0.7412401479,26,54
대구광역시,수성구,파동,5.82,0,진주시,0.7680070899,23,61
대구광역시,수성구,두산동,1.97,17613.1,창원시,0.219934424,78,10
대구광역시,수성구,지산동,4.61,215279,통영시,0.7247007905,28,48
대구광역시,수성구,범물동,7.7,22161.6,경산시,0.6179591395,38,34
대구광역시,수성구,고산동,38.27,96572.1,경주시,0.8435823926,16,77
대구광역시,달서구,성당동,1.99,6448.6,구미시,0.7384283766,26,52
대구광역시,달서구,두류동,2.45,1662562.5,김천시,0.8812902547,12,81
대구광역시,달서구,본리동,1.09,34304.2,문경시,0.8870027156,11,83
대구광역시,달서구,감삼동,1.18,6792.4,상주시,0.8389944524,16,75
대구광역시,달서구,죽전동,0.74,327564,안동시,0.8076224314,19,72
대구광역시,달서구,장기동,3.11,405351,영주시,0.6773932496,32,42
대구광역시,달서구,용산동,2.61,3538.1,영천시,0.8488507759,15,79
대구광역시,달서구,이곡동,3.86,215126.9,포항시,0.7308052196,27,49
대구광역시,달서구,신당동,9.33,243040.4,광양시,0.7846389905,22,67
대구광역시,달서구,월성동,8.48,745860.9,나주시,0.8199185211,18,74
대구광역시,달서구,진천동,5.11,12270,목포시,0.7624479977,24,59
대구광역시,달서구,유천동,1.25,1680,순천시,0.74742738,25,56
대구광역시,달서구,상인동,5.87,67469.3,여수시,0.7985328101,20,71
대구광역시,달서구,도원동,10.65,494,군산시,0.875426666,12,80
대구광역시,달서구,장동,1.4,106315,김제시,0.9415007445,6,85
대구광역시,달서구,본동,1.1,84081.5,남원시,0.8453623563,15,78
대구광역시,달서구,송현동,3.43,73584,익산시,0.6116948015,39,33
대구광역시,달성군,화원읍,27.68,513004,전주시,0.02053707775,98,2
대구광역시,달성군,논공읍,43.89,245686,정읍시,0.9227584716,8,84
대구광역시,달성군,다사읍,36.68,358395.1,서귀포시,0.6722505618,33,41
대구광역시,달성군,유가읍,57.25,625063.5,제주시,0.6515879008,35,36
대구광역시,달성군,옥포읍,48.92,146227,계룡시,0.4414134975,56,22
대구광역시,달성군,현풍읍,24.57,101973,공주시,0.3754494827,62,18
대구광역시,달성군,가창면,111.33,3000,논산시,0.6610682651,34,38
대구광역시,달성군,평리동,3.33,26781,당진시,0.5402731117,46,28
대구광역시,달성군,하빈면,36.7,3817,보령시,0.7852777545,21,68
대구광역시,달성군,구지면,39.84,494535,서산시,0.6909987909,31,46
대구광역시,군위군,군위읍,84.073,8752,아산시,0.6396578936,36,35
대구광역시,군위군,소보면,101.345,0,천안시,0.1030321583,90,5
대구광역시,군위군,효령면,98.437,0,제천시,0.7392623488,26,53
대구광역시,군위군,우보면,60.012,0,청주시,0.1026852995,90,4
대구광역시,군위군,의흥면,54.246,0,충주시,0.7956102916,20,70
대구광역시,군위군,산성면,36.787,0,,,,
대구광역시,군위군,효령면,98.437,0,,,,
대구광역시,군위군,삼국유사면,114.631,0,,,,
대구광역시,군위군,부계면,64.813,0,,,,
광주광역시,동구,지산동,2.61,215279,,,,
광주광역시,동구,학운동,10.8,5713.8,,,,
광주광역시,동구,학동,1.23,156190,,,,
광주광역시,동구,서남동,1.44,1976.9,,,,
광주광역시,동구,지원동,29.06,46862.2,,,,
광주광역시,동구,산수동,1.45,46707.6,,,,
광주광역시,동구,충장동,1.1,424420,,,,
광주광역시,동구,동명동,0.43,276296,,,,
광주광역시,동구,계림동,1.19,141576.1,,,,
광주광역시,서구,동천동,1.18,20250,,,,
광주광역시,서구,풍암동,4.78,57537.8,,,,
광주광역시,서구,금호동,3.05,10000,,,,
광주광역시,서구,서창동,19.65,179218,,,,
광주광역시,서구,화정동,3.75,207355.6,,,,
광주광역시,서구,양동,0.83,424591,,,,
광주광역시,서구,농성동,1.4,49604,,,,
광주광역시,서구,광천동,1.13,0,,,,
광주광역시,서구,유덕동,5.49,176075.5,,,,
광주광역시,서구,치평동,3.27,240605.9,,,,
광주광역시,서구,상무동,3.21,389869.7,,,,
광주광역시,남구,대촌동,35.39,53340.9,,,,
광주광역시,남구,송암동,6.9,6275617.9,,,,
광주광역시,남구,효덕동,5.7,132867.9,,,,
광주광역시,남구,진월동,2.72,2600,,,,
광주광역시,남구,주월동,2.43,1995,,,,
광주광역시,남구,백운동,0.93,753,,,,
광주광역시,남구,양림동,0.63,4350,,,,
광주광역시,남구,방림동,1.1,7471.6,,,,
광주광역시,남구,봉선동,2.63,75979.1,,,,
광주광역시,남구,사직동,0.61,199756.1,,,,
광주광역시,남구,월산동,0.93,3585,,,,
광주광역시,북구,중흥동,1.58,8174,,,,
광주광역시,북구,중앙동,0.66,7866,,,,
광주광역시,북구,임동,1.26,425920.1,,,,
광주광역시,북구,신안동,1.24,13033,,,,
광주광역시,북구,용봉동,3.14,26808.9,,,,
광주광역시,북구,운암동,3.52,20896.4,,,,
광주광역시,북구,동림동,3.28,379395.9,,,,
광주광역시,북구,우산동,5.51,29188.1,,,,
광주광역시,북구,풍향동,0.67,4345.8,,,,
광주광역시,북구,문화동,3.17,5239.3,,,,
광주광역시,북구,문흥동,2.94,114869,,,,
광주광역시,북구,두암동,3.53,41597.6,,,,
광주광역시,북구,삼각동,3.35,2105.7,,,,
광주광역시,북구,일곡동,1.83,1151298.3,,,,
광주광역시,북구,매곡동,1.87,35254,,,,
광주광역시,북구,오치동,2.93,14452,,,,
광주광역시,북구,석곡동,48.39,0,,,,
광주광역시,북구,건국동,26.38,2665226.7,,,,
광주광역시,북구,양산동,7.76,39684,,,,
광주광역시,북구,신용동,1.82,218620,,,,
광주광역시,광산구,송정동,2.57,135549.2,,,,
광주광역시,광산구,도산동,4,4957.7,,,,
광주광역시,광산구,신흥동,5.41,34992,,,,
광주광역시,광산구,어룡동,17.86,896658,,,,
광주광역시,광산구,월곡동,2.99,100518.8,,,,
광주광역시,광산구,비아동,4.92,8723.6,,,,
광주광역시,광산구,첨단동,5.67,436869,,,,
광주광역시,광산구,신가동,1.59,122446.1,,,,
광주광역시,광산구,운남동,2.85,2355457.2,,,,
광주광역시,광산구,신창동,3.98,257,,,,
광주광역시,광산구,수완동,4.61,158015.3,,,,
광주광역시,광산구,하남동,15.41,714329.6,,,,
광주광역시,광산구,임곡동,29.82,6870,,,,
광주광역시,광산구,동곡동,15.49,38687.2,,,,
광주광역시,광산구,평동,29.87,864926.5,,,,
광주광역시,광산구,본량동,33.47,53012.9,,,,
광주광역시,광산구,삼도동,38.73,36209.5,,,,
대전광역시,동구,중앙동,1.24,7866,,,,
대전광역시,동구,신인동,0.82,0,,,,
대전광역시,동구,효동,2.41,"67273,5",,,,
대전광역시,동구,판암동,6.12,58532.5,,,,
대전광역시,동구,용운동,3.47,93602.3,,,,
대전광역시,동구,대동,0.78,1323,,,,
대전광역시,동구,자양동,1.15,12785.8,,,,
대전광역시,동구,가양동,2.71,798289.5,,,,
대전광역시,동구,용전동,1.2,2773.6,,,,
대전광역시,동구,성남동,0.83,37308.3,,,,
대전광역시,동구,홍도동,0.63,4092.5,,,,
대전광역시,동구,삼성동,1.31,85654.7,,,,
대전광역시,동구,대청동,63.59,73317,,,,
대전광역시,동구,산내동,50.42,127418.6,,,,
대전광역시,중구,은행선화동,1.51,30039.1,,,,
대전광역시,중구,목동,0.69,165418,,,,
대전광역시,중구,중촌동,1.19,47449,,,,
대전광역시,중구,대흥동,1.2,536827.1,,,,
대전광역시,중구,문창동,0.46,0,,,,
대전광역시,중구,석교동,4.32,3289,,,,
대전광역시,중구,대사동,2.02,1795.8,,,,
대전광역시,중구,부사동,1.14,658,,,,
대전광역시,중구,용두동,0.78,450.1,,,,
대전광역시,중구,오류동,0.66,120326,,,,
대전광역시,중구,태평동,1.7,24250,,,,
대전광역시,중구,유천동,1.2,1680,,,,
대전광역시,중구,문화동,3.63,5239.3,,,,
대전광역시,중구,산성동,41.58,47339,,,,
대전광역시,서구,복수동,1.78,19260.6,,,,
대전광역시,서구,도마동,3.4,48844.3,,,,
대전광역시,서구,정림동,6.04,10819.3,,,,
대전광역시,서구,변동,1.48,4825.6,,,,
대전광역시,서구,용문동,0.98,0,,,,
대전광역시,서구,탄방동,1.65,155530.4,,,,
대전광역시,서구,둔산동,4.22,249733.7,,,,
대전광역시,서구,괴정동,1.26,27098.2,,,,
대전광역시,서구,가장동,0.57,1715.2,,,,
대전광역시,서구,내동,0.99,82275,,,,
대전광역시,서구,갈마동,2.23,1624502.7,,,,
대전광역시,서구,월평동,4.25,64374.4,,,,
대전광역시,서구,만년동,1.71,6502.6,,,,
대전광역시,서구,가수원동,4.89,737409.9,,,,
대전광역시,서구,도안동,5.24,70560.9,,,,
대전광역시,서구,관저동,5.68,225143.7,,,,
대전광역시,서구,기성동,49.16,0,,,,
대전광역시,유성구,진잠동,40.4,233449,,,,
대전광역시,유성구,학하동,13.4,19050.9,,,,
대전광역시,유성구,원신흥동,2.8,298718,,,,
대전광역시,유성구,상대동,2.5,86130,,,,
대전광역시,유성구,온천동,12,500234.2,,,,
대전광역시,유성구,노은동,30.8,3959576.3,,,,
대전광역시,유성구,신성동,31,307977,,,,
대전광역시,유성구,전민동,9,61565,,,,
대전광역시,유성구,구즉동,27.5,54992,,,,
대전광역시,유성구,관평동,7.2,267256,,,,
대전광역시,대덕구,오정동,3.06,155342.5,,,,
대전광역시,대덕구,대화동,3.18,457705.9,,,,
대전광역시,대덕구,회덕동,16.83,0,,,,
대전광역시,대덕구,비래동,3.35,90688,,,,
대전광역시,대덕구,송촌동,1.94,190787,,,,
대전광역시,대덕구,중리동,1.5,11306,,,,
대전광역시,대덕구,법동,2.63,46059.9,,,,
대전광역시,대덕구,신탄진동,22.99,122459,,,,
대전광역시,대덕구,석봉동,1.22,44819,,,,
대전광역시,대덕구,덕암동,6.24,68574,,,,
대전광역시,대덕구,목상동,5.79,235298,,,,
부산광역시,중구,중앙동,0.6,7866,,,,
부산광역시,중구,동광동,0.17,3758.5,,,,
부산광역시,중구,대청동,0.35,191422,,,,
부산광역시,중구,보수동,0.42,0,,,,
부산광역시,중구,부평동,0.21,1907902,,,,
부산광역시,중구,광복동,0.21,136432.1,,,,
부산광역시,중구,남포동,0.24,0,,,,
부산광역시,중구,영주동,0.63,39798,,,,
부산광역시,서구,동대신동,2.12,0,,,,
부산광역시,서구,서대신동,5.15,2104835,,,,
부산광역시,서구,부민동,0.41,0,,,,
부산광역시,서구,아미동,0.72,0,,,,
부산광역시,서구,초장동,0.44,0,,,,
부산광역시,서구,충무동,0.37,0,,,,
부산광역시,서구,남부민동,1.09,1713,,,,
부산광역시,서구,암남동,3.65,646290.9,,,,
부산광역시,동구,초량동,3.26,0,,,,
부산광역시,동구,수정동,2.6,66470.1,,,,
부산광역시,동구,좌천동,0.46,2721,,,,
부산광역시,동구,범일동,3.54,51210,,,,
부산광역시,영도구,남항동,0.74,0,,,,
부산광역시,영도구,영선동,0.8,0,,,,
부산광역시,영도구,신선동,1.12,0,,,,
부산광역시,영도구,봉래동,0.94,1664,,,,
부산광역시,영도구,청학동,2.57,7449,,,,
부산광역시,영도구,동삼동,8.03,1743897,,,,
부산광역시,부산진구,부전동,1.94,473911,,,,
부산광역시,부산진구,연지동,0.99,3301.8,,,,
부산광역시,부산진구,초읍동,5.91,3665140.3,,,,
부산광역시,부산진구,양정동,2.06,2929,,,,
부산광역시,부산진구,전포동,2.91,30361.6,,,,
부산광역시,부산진구,부암동,2.63,1258,,,,
부산광역시,부산진구,당감동,4.17,26032.9,,,,
부산광역시,부산진구,가야동,3.2,24020.5,,,,
부산광역시,부산진구,개금동,3.53,38502,,,,
부산광역시,부산진구,범천동,2.32,0,,,,
부산광역시,동래구,수민동,1.21,22535,,,,
부산광역시,동래구,복산동,0.77,129197.3,,,,
부산광역시,동래구,명륜동,1.35,14238,,,,
부산광역시,동래구,온천동,6.23,456201.7,,,,
부산광역시,동래구,사직동,2.98,144480,,,,
부산광역시,동래구,안락동,2.31,102517.7,,,,
부산광역시,동래구,명장동,1.78,149131.4,,,,
부산광역시,남구,대연동,8.11,349900.7,,,,
부산광역시,남구,용호동,7.11,335458,,,,
부산광역시,남구,용당동,3.63,3044,,,,
부산광역시,남구,감만동,3.55,14012,,,,
부산광역시,남구,우암동,1.44,34052,,,,
부산광역시,남구,문현동,2.97,20673,,,,
부산광역시,북구,구포동,5.53,109786.2,,,,
부산광역시,북구,금곡동,8.12,26168,,,,
부산광역시,북구,화명동,12.24,262281.9,,,,
부산광역시,북구,덕천동,4.71,188540,,,,
부산광역시,북구,만덕동,8.77,66801,,,,
부산광역시,해운대구,우동,11.02,56787.4,,,,
부산광역시,해운대구,중동,2.91,10738,,,,
부산광역시,해운대구,좌동,9.31,173267.2,,,,
부산광역시,해운대구,송정동,4.17,135549.2,,,,
부산광역시,해운대구,반여동,8.5,76017.7,,,,
부산광역시,해운대구,반송동,11.35,1238997.6,,,,
부산광역시,해운대구,재송동,4.28,43798.3,,,,
부산광역시,사하구,괴정동,4.89,27098.2,,,,
부산광역시,사하구,당리동,3.87,3111.2,,,,
부산광역시,사하구,하단동,9.58,78351,,,,
부산광역시,사하구,신평동,4.3,63439,,,,
부산광역시,사하구,장림동,4.83,20927,,,,
부산광역시,사하구,다대동,7.77,310829.2,,,,
부산광역시,사하구,구평동,3.52,37543,,,,
부산광역시,사하구,감천동,3.01,58861,,,,
부산광역시,금정구,서동,1.68,19795,,,,
부산광역시,금정구,부곡동,10.81,22132,,,,
부산광역시,금정구,장전동,6.02,1367753.4,,,,
부산광역시,금정구,청룡노포동,10.91,0,,,,
부산광역시,금정구,선두구동,12.05,774932,,,,
부산광역시,금정구,남산동,3.64,168510,,,,
부산광역시,금정구,구서동,6.22,8643,,,,
부산광역시,금정구,금사회동동,5.51,154648.6,,,,
부산광역시,금정구,금성동,8.43,222254,,,,
부산광역시,강서구,대저동,46.99,40638.5,,,,
부산광역시,강서구,강동동,18.49,79753,,,,
부산광역시,강서구,명지동,15.65,363411.9,,,,
부산광역시,강서구,가락동,18.95,102882.4,,,,
부산광역시,강서구,녹산동,58.86,639254.9,,,,
부산광역시,강서구,가덕도동,24.56,330,,,,
부산광역시,연제구,거제동,4.22,12417.1,,,,
부산광역시,연제구,연산동,7.88,519348,,,,
부산광역시,수영구,남천동,1.65,2286.5,,,,
부산광역시,수영구,수영동,0.73,23284,,,,
부산광역시,수영구,망미동,2.63,16367.4,,,,
부산광역시,수영구,광안동,3.68,72695.2,,,,
부산광역시,수영구,민락동,1.52,268779.5,,,,
부산광역시,사상구,삼락동,6.7,1510,,,,
부산광역시,사상구,모라동,5.01,38336.5,,,,
부산광역시,사상구,덕포동,2.16,11005.8,,,,
부산광역시,사상구,괘법동,3.45,1689.9,,,,
부산광역시,사상구,감전동,3.49,620865,,,,
부산광역시,사상구,주례동,4.76,9475.5,,,,
부산광역시,사상구,학장동,5.48,6849.8,,,,
부산광역시,사상구,엄궁동,5.05,14872.5,,,,
부산광역시,기장군,기장읍,39.25,176183.6,,,,
부산광역시,기장군,장안읍,51.13,7673424,,,,
부산광역시,기장군,정관읍,38.21,1152162.23,,,,
부산광역시,기장군,일광읍,35.77,158465.9,,,,
부산광역시,기장군,철마면,53.94,102342.3,,,,
서울특별시,종로구,사직동,1.23,149064.3,,,,
서울특별시,종로구,삼청동,1.49,468348.2,,,,
서울특별시,종로구,부암동,2.27,1258,,,,
서울특별시,종로구,평창동,8.87,28477,,,,
서울특별시,종로구,무악동,0.36,7245.8,,,,
서울특별시,종로구,교남동,0.35,491.4,,,,
서울특별시,종로구,가회동,0.54,10004.6,,,,
서울특별시,종로구,종로동,2.41,495747.3,,,,
서울특별시,종로구,이화동,0.78,5802,,,,
서울특별시,종로구,혜화동,1.11,0,,,,
서울특별시,종로구,창신동,0.8,3878,,,,
서울특별시,종로구,숭인동,0.58,54065,,,,
서울특별시,종로구,청운효자동,2.57,202176.1,,,,
서울특별시,중구,소공동,0.95,280348.4,,,,
서울특별시,중구,회현동,0.84,0,,,,
서울특별시,중구,명동,0.99,13940.4,,,,
서울특별시,중구,필동,1.14,0,,,,
서울특별시,중구,장충동,1.36,0,,,,
서울특별시,중구,광희동,0.74,1487.1,,,,
서울특별시,중구,을지로동,0.6,0,,,,
서울특별시,중구,황학동,0.33,1087,,,,
서울특별시,중구,중림동,0.48,34707.9,,,,
서울특별시,중구,신당동,0.94,157913.1,,,,
서울특별시,중구,동화동,0.26,0,,,,
서울특별시,중구,청구동,0.34,1655.7,,,,
서울특별시,중구,약수동,0.48,0,,,,
서울특별시,중구,다산동,0.51,395123,,,,
서울특별시,용산구,후암동,0.86,2522,,,,
서울특별시,용산구,용산2가동,1.96,0,,,,
서울특별시,용산구,남영동,1.19,5163,,,,
서울특별시,용산구,효창동,0.43,174662.4,,,,
서울특별시,용산구,용문동,0.28,0,,,,
서울특별시,용산구,이촌동,4.08,13262,,,,
서울특별시,용산구,이태원동,1.37,7653,,,,
서울특별시,용산구,서빙고동,2.82,0,,,,
서울특별시,용산구,보광동,0.7,0,,,,
서울특별시,용산구,청파동,0.91,7926.3,,,,
서울특별시,용산구,원효로동,1.4,19429,,,,
서울특별시,용산구,한강로동,2.87,466,,,,
서울특별시,용산구,한남동,2.99,188735,,,,
서울특별시,성동구,왕십리동,0.41,43686.6,,,,
서울특별시,성동구,마장동,1.06,3175.5,,,,
서울특별시,성동구,사근동,1.11,496,,,,
서울특별시,성동구,행당동,1.01,11084.3,,,,
서울특별시,성동구,응봉동,0.57,2419.7,,,,
서울특별시,성동구,성수동,2.87,19429.2,,,,
서울특별시,성동구,송정동,0.68,135549.2,,,,
서울특별시,성동구,용답동,2.32,6046.9,,,,
서울특별시,성동구,왕십리도선동,0.72,6349.5,,,,
서울특별시,성동구,금호동,1.94,0,,,,
서울특별시,성동구,옥수동,1.95,2718.46,,,,
서울특별시,광진구,화양동,1.16,6288.5,,,,
서울특별시,광진구,군자동,0.74,880,,,,
서울특별시,광진구,중곡동,4.09,5615.1,,,,
서울특별시,광진구,능동,1.1,88736.3,,,,
서울특별시,광진구,구의동,2.97,19043.8,,,,
서울특별시,광진구,광장동,2.39,1337,,,,
서울특별시,광진구,자양동,,,,,,
서울특별시,동대문구,회기동,0.76,400,,,,
서울특별시,동대문구,휘경동,1.68,9454.2,,,,
서울특별시,동대문구,청량리동,1.2,345784,,,,
서울특별시,동대문구,용신동,1.61,0,,,,
서울특별시,동대문구,제기동,1.18,5470,,,,
서울특별시,동대문구,전농동,2.05,276390.4,,,,
서울특별시,동대문구,답십리동,0.94,177786.1,,,,
서울특별시,동대문구,장안동,2.33,76429.5,,,,
서울특별시,동대문구,이문동,1.73,1656,,,,
서울특별시,중랑구,면목동,6.03,29165.2,,,,
서울특별시,중랑구,상봉동,1.53,1473,,,,
서울특별시,중랑구,중화동,1.66,6658.8,,,,
서울특별시,중랑구,묵동,1.9,563057.7,,,,
서울특별시,중랑구,망우동,3.87,596521,,,,
서울특별시,중랑구,신내동,3.52,336434.9,,,,
서울특별시,성북구,돈암동,1.04,211058,,,,
서울특별시,성북구,안암동,1.32,1514,,,,
서울특별시,성북구,보문동,0.55,15145.9,,,,
서울특별시,성북구,정릉동,8.47,105568,,,,
서울특별시,성북구,길음동,1.32,16452.1,,,,
서울특별시,성북구,월곡동,2.17,342828,,,,
서울특별시,성북구,장위동,2.1,6673.2,,,,
서울특별시,성북구,성북동,2.85,157366.6,,,,
서울특별시,성북구,삼선동,0.89,11834,,,,
서울특별시,성북구,종암동,1.46,6659,,,,
서울특별시,성북구,석관동,1.68,335020.4,,,,
서울특별시,성북구,동선동,0.72,330,,,,
서울특별시,강북구,번동,2.66,1373531,,,,
서울특별시,강북구,수유동,2.66,12888,,,,
서울특별시,강북구,삼양동,0.95,5558,,,,
서울특별시,강북구,미아동,0.73,218701.9,,,,
서울특별시,강북구,송중동,1.22,7351.3,,,,
서울특별시,강북구,송천동,0.88,791953.4,,,,
서울특별시,강북구,삼각산동,0.62,6082.8,,,,
서울특별시,강북구,우이동,10.95,46516,,,,
서울특별시,강북구,인수동,2.93,2730,,,,
서울특별시,도봉구,쌍문동,2.8,334158,,,,
서울특별시,도봉구,방학동,4.07,45598,,,,
서울특별시,도봉구,창동,4.28,2687,,,,
서울특별시,도봉구,도봉동,9.55,8822249,,,,
서울특별시,노원구,월계동,4.27,1250663.1,,,,
서울특별시,노원구,하계동,2.06,61051.2,,,,
서울특별시,노원구,상계동,15.68,6826193.3,,,,
서울특별시,노원구,중계동,5.2,5413643.4,,,,
서울특별시,노원구,공릉동,8.23,59305.4,,,,
서울특별시,은평구,녹번동,1.79,73260.1,,,,
서울특별시,은평구,불광동,4.5,192932.3,,,,
서울특별시,은평구,갈현동,1.93,24080,,,,
서울특별시,은평구,구산동,1.377,19960.7,,,,
서울특별시,은평구,대조동,0.85,268.8,,,,
서울특별시,은평구,응암동,1.2,219936.4,,,,
서울특별시,은평구,신사동,4.38,110162.4,,,,
서울특별시,은평구,증산동,0.81,57180,,,,
서울특별시,은평구,수색동,1.29,0,,,,
서울특별시,은평구,진관동,11.52,1282788.6,,,,
서울특별시,은평구,역촌동,1.16,318,,,,
서울특별시,서대문구,천연동,0.97,113021.7,,,,
서울특별시,서대문구,홍제동,1.23,15246,,,,
서울특별시,서대문구,홍은동,3.5,1017771.8,,,,
서울특별시,서대문구,남가좌동,0.49,24008.1,,,,
서울특별시,서대문구,북가좌동,0.54,28315.7,,,,
서울특별시,서대문구,충현동,1.08,381.3,,,,
서울특별시,서대문구,북아현동,0.46,21452.2,,,,
서울특별시,서대문구,신촌동,2.63,13050.5,,,,
서울특별시,서대문구,연희동,3.05,1222097.5,,,,
서울특별시,마포구,용강동,0.84,31440,,,,
서울특별시,마포구,대흥동,0.88,534868,,,,
서울특별시,마포구,염리동,0.43,4036.8,,,,
서울특별시,마포구,신수동,0.78,12159.2,,,,
서울특별시,마포구,서교동,1.65,4375,,,,
서울특별시,마포구,망원동,3.15,6332,,,,
서울특별시,마포구,연남동,0.65,1987,,,,
서울특별시,마포구,성산동,7.01,140850,,,,
서울특별시,마포구,합정동,1.69,122305.9,,,,
서울특별시,마포구,상암동,8.4,239869,,,,
서울특별시,마포구,도화동,0.62,37304.8,,,,
서울특별시,마포구,공덕동,1.01,8853.2,,,,
서울특별시,마포구,아현동,0.76,17986,,,,
서울특별시,마포구,서강동,1.45,5997,,,,
서울특별시,양천구,목동,9.27,165418,,,,
서울특별시,양천구,신월동,9.23,23935,,,,
서울특별시,양천구,신정동,13.54,214070.1,,,,
서울특별시,강서구,염창동,1.74,117178.6,,,,
서울특별시,강서구,등촌동,4.01,48255.2,,,,
서울특별시,강서구,화곡본동,1.11,0,,,,
서울특별시,강서구,가양동,6.69,232088.3,,,,
서울특별시,강서구,발산동,2.96,2000,,,,
서울특별시,강서구,공항동,10.88,37379.9,,,,
서울특별시,강서구,방화동,9.83,699848.3,,,,
서울특별시,강서구,화곡동,4.56,1446399.2,,,,
서울특별시,강서구,우장산동,1.36,125952.4,,,,
서울특별시,구로구,신도림동,1.47,819522,,,,
서울특별시,구로구,구로동,5.29,2016182.39,,,,
서울특별시,구로구,고척동,2.18,764416.3,,,,
서울특별시,구로구,개봉동,2.92,9537907.1,,,,
서울특별시,구로구,오류동,5.19,2189147,,,,
서울특별시,구로구,수궁동,2.67,5925847,,,,
서울특별시,구로구,가리봉동,0.4,0,,,,
서울특별시,구로구,항동,1.4,10691299,,,,
서울특별시,금천구,가산동,2.5,3650.6,,,,
서울특별시,금천구,독산동,4.2,99018.6,,,,
서울특별시,금천구,시흥동,6.3,173656,,,,
서울특별시,영등포구,여의동,8.4,30246,,,,
서울특별시,영등포구,당산동,2.3,19849,,,,
서울특별시,영등포구,양평동,3.88,16716,,,,
서울특별시,영등포구,신길동,3.5,222732.3,,,,
서울특별시,영등포구,대림동,2.04,24541,,,,
서울특별시,영등포구,영등포동,1.26,81843,,,,
서울특별시,영등포구,영등포본동,3.54,0,,,,
서울특별시,영등포구,도림동,0.89,59138,,,,
서울특별시,영등포구,문래동,1.49,29271,,,,
서울특별시,동작구,노량진동,2.88,461035,,,,
서울특별시,동작구,상도동,3.83,12206.1,,,,
서울특별시,동작구,대방동,1.55,598608.6,,,,
서울특별시,동작구,신대방동,1.65,6365,,,,
서울특별시,동작구,흑석동,1.68,388345.8,,,,
서울특별시,동작구,사당동,5.41,1200754.4,,,,
서울특별시,관악구,보라매동,0.76,170137,,,,
서울특별시,관악구,청림동,0.3,1871.2,,,,
서울특별시,관악구,행운동,0.72,0,,,,
서울특별시,관악구,낙성대동,2.27,0,,,,
서울특별시,관악구,중앙동,0.39,7866,,,,
서울특별시,관악구,인헌동,1.08,0,,,,
서울특별시,관악구,남현동,3.27,7463,,,,
서울특별시,관악구,서원동,0.65,0,,,,
서울특별시,관악구,신원동,0.55,223160,,,,
서울특별시,관악구,서림동,0.99,0,,,,
서울특별시,관악구,신림동,0.54,156480,,,,
서울특별시,관악구,난향동,0.8,0,,,,
서울특별시,관악구,조원동,0.67,18047.8,,,,
서울특별시,관악구,미성동,1.38,0,,,,
서울특별시,관악구,삼성동,5.85,86974.7,,,,
서울특별시,관악구,청룡동,1.18,1462.1,,,,
서울특별시,관악구,난곡동,0.96,0,,,,
서울특별시,관악구,은천동,0.78,0,,,,
서울특별시,관악구,대학동,8.3,0,,,,
서울특별시,서초구,서초동,6.5,319107.9,,,,
서울특별시,서초구,잠원동,1.8,40509.2,,,,
서울특별시,서초구,반포동,5.9,74244.1,,,,
서울특별시,서초구,방배동,0.67,4779875.65,,,,
서울특별시,서초구,양재동,13.34,3889173.7,,,,
서울특별시,서초구,내곡동,12.69,213967,,,,
서울특별시,강남구,개포동,6.52,2617199.2,,,,
서울특별시,강남구,논현동,2.72,2660809,,,,
서울특별시,강남구,대치동,3.53,61582.8,,,,
서울특별시,강남구,역삼동,3.4,53987.9,,,,
서울특별시,강남구,도곡동,2.04,290928.3,,,,
서울특별시,강남구,일원동,3.5,68338.2,,,,
서울특별시,강남구,수서동,1.43,589675.3,,,,
서울특별시,강남구,세곡동,6.36,289554.1,,,,
서울특별시,강남구,압구정동,2.53,19106.6,,,,
서울특별시,강남구,청담동,2.33,80034.9,,,,
서울특별시,송파구,풍납동,2.36,31137.6,,,,
서울특별시,송파구,거여동,2.36,278660.1,,,,
서울특별시,송파구,마천동,1.47,290884.2,,,,
서울특별시,송파구,방이동,1.3,1496661.9,,,,
서울특별시,송파구,오륜동,3.17,0,,,,
서울특별시,송파구,오금동,1.65,80754,,,,
서울특별시,송파구,송파동,1.32,26621.5,,,,
서울특별시,송파구,석촌동,0.95,52338.5,,,,
서울특별시,송파구,삼전동,0.95,14453.4,,,,
서울특별시,송파구,가락동,,,,,,
서울특별시,송파구,문정동,2.76,13340,,,,
서울특별시,송파구,장지동,2.79,302837,,,,
서울특별시,송파구,위례동,2.55,0,,,,
서울특별시,송파구,잠실동,8.14,118615.7,,,,
서울특별시,강동구,명일동,1.58,46976.6,,,,
서울특별시,강동구,고덕동,3.74,310071.6,,,,
서울특별시,강동구,암사동,4.71,22992,,,,
서울특별시,강동구,천호동,3.07,15241.7,,,,
서울특별시,강동구,성내동,1.96,7488.1,,,,
서울특별시,강동구,길동,2.17,3979.6,,,,
서울특별시,강동구,둔촌동,1.9,634959,,,,
서울특별시,강동구,강일동,2.8,211206.1,,,,
서울특별시,강동구,상일동,3.75,670919.6,,,,
세종특별자치시,조치원읍,조치원읍,13.69,29936,,,,
세종특별자치시,전동면,전동면,57.74,0,,,,
세종특별자치시,전의면,전의면,62.47,1530,,,,
세종특별자치시,연기면,연기면,40.08,0,,,,
세종특별자치시,연동면,연동면,25.56,0,,,,
세종특별자치시,연서면,연서면,54.56,0,,,,
세종특별자치시,장군면,장군면,53.25,0,,,,
세종특별자치시,금남면,금남면,72.54,13103,,,,
세종특별자치시,부강면,부강면,27.81,5040,,,,
세종특별자치시,소정면,소정면,16.49,0,,,,
세종특별자치시,한솔동,한솔동,2.86,2862,,,,
세종특별자치시,한솔동,가람동,,,,,,
세종특별자치시,도담동,도담동,4.68,2036,,,,
세종특별자치시,아름동,아름동,2.24,126961,,,,
세종특별자치시,종촌동,종촌동,1.14,0,,,,
세종특별자치시,고운동,고운동,5.36,328763,,,,
세종특별자치시,보람동,보람동,1.33,101840,,,,
세종특별자치시,새롬동,새롬동,3.24,106661,,,,
세종특별자치시,대평동,대평동,1.5,3208.4,,,,
세종특별자치시,소담동,소담동,1.22,32405,,,,
세종특별자치시,다정동,다정동,1.7,165190,,,,
세종특별자치시,해밀동,해밀동,3.9,0,,,,
세종특별자치시,반곡동,반곡동,11.55,2946,,,,
세종특별자치시,반곡동,집현동,5.8,9052,,,,
세종특별자치시,나성동,나성동,1.7,77062,,,,
세종특별자치시,어진동,어진동,2.4,169539,,,,
울산광역시,중구,학성동,0.93,141538,,,,
울산광역시,중구,반구동,1.62,12990.2,,,,
울산광역시,중구,복산동,1.37,75276.3,,,,
울산광역시,중구,성안동,6.95,1223988.2,,,,
울산광역시,중구,중앙동,1.9,8527.9,,,,
울산광역시,중구,태화동,5.53,89505.8,,,,
울산광역시,중구,우정동,1.51,771650.1,,,,
울산광역시,중구,다운동,8.96,331715,,,,
울산광역시,중구,약사동,2.8,12608,,,,
울산광역시,중구,병영동,5.44,55268.8,,,,
울산광역시,남구,신정동,7.04,214070.1,,,,
울산광역시,남구,달동,1.22,29390,,,,
울산광역시,남구,삼산동,5.68,189556,,,,
울산광역시,남구,삼호동,2.42,51587,,,,
울산광역시,남구,무거동,3.48,71914.1,,,,
울산광역시,남구,옥동,11.24,405468.4,,,,
울산광역시,남구,야음장생포동,13.04,135031,,,,
울산광역시,남구,대현동,1.08,14483.2,,,,
울산광역시,남구,수암동,0.54,7107.7,,,,
울산광역시,남구,선암동,27.77,2533852.1,,,,
울산광역시,동구,방어동,6.07,85456,,,,
울산광역시,동구,일산동,2.09,62723,,,,
울산광역시,동구,화정동,1.3,203638.6,,,,
울산광역시,동구,대송동,2.53,0,,,,
울산광역시,동구,전하동,6.13,1909,,,,
울산광역시,동구,남목동,17.95,71235,,,,
울산광역시,북구,농소동,57.39,4795,,,,
울산광역시,북구,강동동,60.7,0,,,,
울산광역시,북구,효문동,16.28,173402,,,,
울산광역시,북구,송정동,10.79,238718.2,,,,
울산광역시,북구,양정동,6.67,2929,,,,
울산광역시,북구,염포동,5.54,2887,,,,
울산광역시,울주군,범서읍,77.07,33148.1,,,,
울산광역시,울주군,온산읍,40.69,11689,,,,
울산광역시,울주군,언양읍,68.71,30814.7,,,,
울산광역시,울주군,온양읍,64.28,29067.6,,,,
울산광역시,울주군,청량읍,59.95,13767,,,,
울산광역시,울주군,삼남읍,31.01,42582.9,,,,
울산광역시,울주군,서생면,36.89,14154,,,,
울산광역시,울주군,웅촌면,51.65,2420,,,,
울산광역시,울주군,두동면,63.33,7463.7,,,,
울산광역시,울주군,두서면,78.86,8614.3,,,,
울산광역시,울주군,상북면,123.58,20251,,,,
울산광역시,울주군,삼동면,62.35,12932.2,,,,
인천광역시,강화군,강화읍,24.965,214506,,,,
인천광역시,강화군,선원면,21.381,0,,,,
인천광역시,강화군,불은면,31.431,0,,,,
인천광역시,강화군,길상면,35.064,0,,,,
인천광역시,강화군,화도면,42.355,0,,,,
인천광역시,강화군,양도면,35.478,0,,,,
인천광역시,강화군,내가면,29.786,0,,,,
인천광역시,강화군,하점면,36.194,0,,,,
인천광역시,강화군,양사면,26.462,0,,,,
인천광역시,강화군,송해면,22.351,0,,,,
인천광역시,강화군,교동면,47.162,0,,,,
인천광역시,강화군,삼산면,45.674,0,,,,
인천광역시,강화군,서도면,13.116,0,,,,
인천광역시,옹진군,북도면,17.65,0,,,,
인천광역시,옹진군,연평면,7.41,0,,,,
인천광역시,옹진군,백령면,51,0,,,,
인천광역시,옹진군,대청면,15.62,0,,,,
인천광역시,옹진군,덕적면,36.62,0,,,,
인천광역시,옹진군,자월면,17.72,0,,,,
인천광역시,옹진군,영흥면,26.69,0,,,,
인천광역시,중구,신포동,1.76,16232.7,,,,
인천광역시,중구,연안동,5.35,0,,,,
인천광역시,중구,신흥동,3.52,34992,,,,
인천광역시,중구,도원동,0.26,494,,,,
인천광역시,중구,동인천동,0.63,0,,,,
인천광역시,중구,개항동,2.85,590614,,,,
인천광역시,중구,영종동,36.98,440520,,,,
인천광역시,중구,운서동,63.83,1030580.4,,,,
인천광역시,중구,용유동,25,0,,,,
인천광역시,동구,만석동,1.15,5010.6,,,,
인천광역시,동구,화수동,0.91,21503.5,,,,
인천광역시,동구,송현동,2.55,73584,,,,
인천광역시,동구,송림동,2.38,95991.6,,,,
인천광역시,동구,금창동,0.29,1019.8,,,,
인천광역시,미추홀구,숭의동,2.01,29775,,,,
인천광역시,미추홀구,용현동,4.32,18854.3,,,,
인천광역시,미추홀구,학익동,5.87,257287.3,,,,
인천광역시,미추홀구,도화동,3.84,37304.8,,,,
인천광역시,미추홀구,주안동,6.18,484022.9,,,,
인천광역시,미추홀구,관교동,0.9,357453.5,,,,
인천광역시,미추홀구,문학동,1.72,6533.1,,,,
인천광역시,연수구,옥련동,4.07,25449.3,,,,
인천광역시,연수구,선학동,2.41,29549.4,,,,
인천광역시,연수구,연수동,3.52,77622.2,,,,
인천광역시,연수구,청학동,2.39,7449,,,,
인천광역시,연수구,동춘동,5.82,132288.3,,,,
인천광역시,연수구,송도동,37.98,3924.4,,,,
인천광역시,남동구,구월동,5.38,280035,,,,
인천광역시,남동구,간석동,4.26,86095,,,,
인천광역시,남동구,만수동,6.11,99349,,,,
인천광역시,남동구,장수서창동,11.41,2683618.9,,,,
인천광역시,남동구,서창동,2.46,182659,,,,
인천광역시,남동구,남촌도림동,9.76,1500,,,,
인천광역시,남동구,논현고잔동,10.7,0,,,,
인천광역시,남동구,논현동,6.77,2660809,,,,
인천광역시,부평구,부평동,7.11,1907902,,,,
인천광역시,부평구,산곡동,5.18,27819,,,,
인천광역시,부평구,청천동,4.94,429580,,,,
인천광역시,부평구,갈산동,1.74,7652,,,,
인천광역시,부평구,삼산동,3.39,189556,,,,
인천광역시,부평구,부개동,2.46,113569,,,,
인천광역시,부평구,일신동,4.3,3049,,,,
인천광역시,부평구,십정동,2.88,310351,,,,
인천광역시,계양구,효성동,4.98,39960,,,,
인천광역시,계양구,계산동,4.43,4823,,,,
인천광역시,계양구,작전동,1.81,69135.1,,,,
인천광역시,계양구,작전서운동,3.29,90788.4,,,,
인천광역시,계양구,계양동,31.06,631479.703,,,,
인천광역시,서구,검암경서동,13.95,90447,,,,
인천광역시,서구,연희동,9.48,1226180.5,,,,
인천광역시,서구,청라동,20.58,1418207.5,,,,
인천광역시,서구,가정동,4.31,33837,,,,
인천광역시,서구,신현원창동,9.87,0,,,,
인천광역시,서구,석남동,5.27,36970,,,,
인천광역시,서구,가좌동,8.92,180307.9,,,,
인천광역시,서구,검단동,8.1,0,,,,
인천광역시,서구,불로대곡동,10.79,11532,,,,
인천광역시,서구,원당동,2.62,40416,,,,
인천광역시,서구,당하동,2.38,47601,,,,
인천광역시,서구,오류왕길동,17.11,146688,,,,
인천광역시,서구,마전동,1.13,50404,,,,
인천광역시,서구,아라동,3.98,0,,,,
강릉시,주문진읍,주문진읍,60.55,13368,,,,
강릉시,연곡면,연곡면,202.53,0,,,,
강릉시,사천면,사천면,70.89,0,,,,
강릉시,성산면,성산면,80.18,0,,,,
강릉시,구정면,구정면,42.81,0,,,,
강릉시,왕산면,왕산면,245.71,0,,,,
강릉시,옥계면,옥계면,148.81,0,,,,
강릉시,강동면,강동면,112.79,1884,,,,
강릉시,경포동,경포동,23.06,71934.6,,,,
강릉시,홍제동,홍제동,3.86,15246,,,,
강릉시,교동,교동,5.3,51236,,,,
강릉시,포남동,포남동,3.86,99986.8,,,,
강릉시,초당동,초당동,2.89,287212,,,,
강릉시,송정동,송정동,3.49,137733.2,,,,
강릉시,성덕동,성덕동,11.4,58668,,,,
강릉시,강남동,강남동,16.08,44684,,,,
강릉시,내곡동,내곡동,4.96,211947,,,,
강릉시,옥천동,옥천동,0.58,1869,,,,
강릉시,중앙동,중앙동,1,24260,,,,
동해시,동호동,동호동,2.86,152311,,,,
동해시,망상동,망상동,25.8,0,,,,
동해시,묵호동,묵호동,3.38,37984,,,,
동해시,발한동,발한동,1.16,35014,,,,
동해시,부곡동,부곡동,5.09,22132,,,,
동해시,북삼동,북삼동,16.76,0,,,,
동해시,북평동,북평동,19.14,0,,,,
동해시,삼화동,삼화동,90.34,0,,,,
동해시,송정동,송정동,5.28,135549.2,,,,
동해시,천곡동,천곡동,10.39,4768,,,,
삼척시,가곡면,가곡면,152.35,0,,,,
삼척시,도계읍,도계읍,164.64,12856,,,,
삼척시,신기면,신기면,56.35,0,,,,
삼척시,미로면,미로면,99.35,0,,,,
삼척시,하장면,하장면,205.74,0,,,,
삼척시,노곡면,노곡면,144.7,0,,,,
삼척시,근덕면,근덕면,133.68,1038,,,,
삼척시,원덕읍,원덕읍,177.68,124680,,,,
삼척시,교동,교동,9.51,51236,,,,
삼척시,정라동,정라동,3.01,453692,,,,
삼척시,성내동,성내동,22.66,11630.1,,,,
삼척시,남양동,남양동,18.16,27487.4,,,,
속초시,교동,교동,2.75,51236,,,,
속초시,금호동,금호동,1.44,10000,,,,
속초시,노학동,노학동,20.31,345140,,,,
속초시,대포동,대포동,66.2,143908,,,,
속초시,동명동,동명동,0.79,276296,,,,
속초시,영랑동,영랑동,7.64,1220,,,,
속초시,조양동,조양동,6.01,208614,,,,
속초시,청호동,청호동,0.62,9045,,,,
원주시,지정면,지정면,89.94,0,,,,
원주시,문막읍,문막읍,104.31,0,,,,
원주시,부론면,부론면,82.72,0,,,,
원주시,귀래면,귀래면,71.53,0,,,,
원주시,흥업면,흥업면,59.15,0,,,,
원주시,판부면,판부면,67.98,11520,,,,
원주시,신림면,신림면,127.79,0,,,,
원주시,소초면,소초면,103.41,0,,,,
원주시,호저면,호저면,76.74,0,,,,
원주시,우산동,우산동,7.41,29188.1,,,,
원주시,단계동,단계동,3.66,299138,,,,
원주시,무실동,무실동,9.1,601436,,,,
원주시,단구동,단구동,3.9,649952,,,,
원주시,반곡관설동,반곡관설동,21.02,123636,,,,
원주시,행구동,행구동,13.55,101624,,,,
원주시,봉산동,봉산동,7.26,498390,,,,
원주시,태장동,태장동,11.94,80332,,,,
원주시,개운동,개운동,1.05,13598,,,,
원주시,명륜동,명륜동,1.87,14238,,,,
원주시,원인동,원인동,0.47,0,,,,
원주시,일산동,일산동,0.8,62723,,,,
원주시,중앙동,중앙동,2.04,7866,,,,
원주시,학성동,학성동,0.59,141538,,,,
춘천시,사북면,사북면,152.57,0,,,,
춘천시,북산면,북산면,214.98,2032,,,,
춘천시,서면,서면,141.64,122956,,,,
춘천시,남산면,남산면,124.11,183918,,,,
춘천시,남면,남면,73.2,21310,,,,
춘천시,동산면,동산면,80.81,4336,,,,
춘천시,동면,동면,134.2,71622.9,,,,
춘천시,신북읍,신북읍,57.23,0,,,,
춘천시,신동면,신동면,48.19,0,,,,
춘천시,동내면,동내면,36.62,196055,,,,
춘천시,효자동,효자동,2.66,3581209,,,,
춘천시,후평동,후평동,3.74,80196,,,,
춘천시,교동,교동,0.5,51236,,,,
춘천시,조운동,조운동,0.32,1604,,,,
춘천시,약사명동,약사명동,0.52,0,,,,
춘천시,소양동,소양동,1.26,45270,,,,
춘천시,신사우동,신사우동,11.62,429924,,,,
춘천시,퇴계동,퇴계동,4.13,1036180,,,,
춘천시,석사동,석사동,4.08,780768,,,,
춘천시,근화동,근화동,9.59,1169482,,,,
춘천시,강남동,강남동,14.65,2620678,,,,
태백시,구문소동,구문소동,27.51,916034,,,,
태백시,문곡소도동,문곡소도동,71.83,61404,,,,
태백시,삼수동,삼수동,113.91,0,,,,
태백시,상장동,상장동,9.74,0,,,,
태백시,장성동,장성동,11.84,82882.2,,,,
태백시,철암동,철암동,21.11,3983660,,,,
태백시,황연동,황연동,38.75,3004,,,,
태백시,황지동,황지동,8.75,476456,,,,
고양시,덕양구,주교동,5.62,113883,,,,
고양시,덕양구,원신동,12.74,0,,,,
고양시,덕양구,흥도동,11.32,255336,,,,
고양시,덕양구,성사동,3.11,698907.1,,,,
고양시,덕양구,효자동,25.35,3581209,,,,
고양시,덕양구,삼송동,6.73,335135.3,,,,
고양시,덕양구,창릉동,11.57,0,,,,
고양시,덕양구,고양동,25.04,39986,,,,
고양시,덕양구,관산동,15.05,5660,,,,
고양시,덕양구,능곡동,13.78,194396,,,,
고양시,덕양구,화정동,4.25,203638.6,,,,
고양시,덕양구,행주동,6.01,872543,,,,
고양시,덕양구,행신동,6.91,218259.4,,,,
고양시,덕양구,화전동,7.3,88450,,,,
고양시,덕양구,대덕동,10.79,177822,,,,
고양시,일산동구,식사동,6.82,100022,,,,
고양시,일산동구,중산동,2.84,156679,,,,
고양시,일산동구,정발산동,1.53,47457,,,,
고양시,일산동구,풍산동,5.67,323515,,,,
고양시,일산동구,백석동,2.57,383769.4,,,,
고양시,일산동구,마두동,2.84,775144,,,,
고양시,일산동구,장항동,12.69,1195361,,,,
고양시,일산동구,고봉동,24.99,0,,,,
고양시,일산서구,일산동,2.59,62723,,,,
고양시,일산서구,탄현동,2.19,122113,,,,
고양시,일산서구,주엽동,1.93,137253,,,,
고양시,일산서구,대화동,3.52,457705.9,,,,
고양시,일산서구,송포동,13.17,103406,,,,
고양시,일산서구,송산동,19.16,20651,,,,
과천시,갈현동,갈현동,4.49,34203,,,,
과천시,과천동,과천동,10.78,11612,,,,
과천시,문원동,문원동,12.56,39953,,,,
과천시,별양동,별양동,0.65,48713,,,,
과천시,부림동,부림동,0.4,50374,,,,
과천시,중앙동,중앙동,6.99,7866,,,,
광명시,광명동,광명동,6.35,1384224,,,,
광명시,철산동,철산동,2.84,133822,,,,
광명시,하안동,하안동,5.37,832248,,,,
광명시,소하동,소하동,7.6,282656,,,,
광명시,일직동,일직동,3.45,154097,,,,
광명시,학온동,학온동,12.89,610484,,,,
광주시,남종면,남종면,48.57,0,,,,
광주시,남한산성면,남한산성면,33.74,0,,,,
광주시,퇴촌면,퇴촌면,60.7,0,,,,
광주시,탄벌동,탄벌동,16.79,543,,,,
광주시,송정동,송정동,5.09,135549.2,,,,
광주시,쌍령동,쌍령동,3.34,1500,,,,
광주시,광남동,광남동,28.41,230932,,,,
광주시,초월읍,초월읍,55.89,10575,,,,
광주시,곤지암읍,곤지암읍,76.17,8713,,,,
광주시,도척면,도척면,52.16,2394,,,,
광주시,경안동,경안동,3.19,277793,,,,
광주시,역동,역동,2,50345,,,,
광주시,오포동,오포동,31.11,12234,,,,
광주시,신현동,신현동,8.14,8130,,,,
광주시,능평동,능평동,7.69,0,,,,
구리시,갈매동,갈매동,3.95,274300.6,,,,
구리시,교문동,교문동,8.7,311853,,,,
구리시,동구동,동구동,7.32,57479,,,,
구리시,수택동,수택동,11.22,138170.9,,,,
구리시,인창동,인창동,2.1,130952.8,,,,
군포시,대야동,대야동,12.8,99163,,,,
군포시,송부동,송부동,5.54,0,,,,
군포시,군포동,군포동,6.65,105161.8,,,,
군포시,오금동,오금동,1.07,80754,,,,
군포시,수리동,수리동,2.73,0,,,,
군포시,궁내동,궁내동,1.68,0,,,,
군포시,광정동,광정동,1.9,0,,,,
군포시,산본동,산본동,1.92,878270.7,,,,
군포시,금정동,금정동,1.26,223193.8,,,,
군포시,재궁동,재궁동,0.87,0,,,,
김포시,월곶면,월곶면,51.95,1249823,,,,
김포시,하성면,하성면,54.76,180503,,,,
김포시,통진읍,통진읍,29.49,180957,,,,
김포시,대곶면,대곶면,42.79,23990,,,,
김포시,구래동,구래동,2.74,168256,,,,
김포시,양촌읍,양촌읍,33.65,338727,,,,
김포시,마산동,마산동,3.02,637102,,,,
김포시,장기본동,장기본동,2.88,0,,,,
김포시,운양동,운양동,7.13,1321666,,,,
김포시,김포본동,김포본동,11.8,319600,,,,
김포시,장기동,장기동,4.43,405351,,,,
김포시,사우동,사우동,3.32,67742,,,,
김포시,풍무동,풍무동,4.4,177379,,,,
김포시,고촌읍,고촌읍,25.05,385835,,,,
남양주시,별내면,별내면,22.15,93718,,,,
남양주시,진접/오남,진접읍,65.96,450974,,,,
남양주시,진접/오남,오남읍,25.25,46408,,,,
남양주시,호평/평내,평내동,7.25,62503,,,,
남양주시,호평/평내,호평동,9.15,100811,,,,
남양주시,진건/퇴계,진건읍,31.23,453608,,,,
남양주시,진건/퇴계,퇴계원읍,3.27,18594,,,,
남양주시,다산,다산동,11.15,686114,,,,
남양주시,금곡/양정,금곡동,6.93,26168,,,,
남양주시,금곡/양정,양정동,12.35,57876,,,,
남양주시,와부/조안,와부읍,49.86,30144,,,,
남양주시,와부/조안,조안면,50.69,9344,,,,
남양주시,화도/수동,화도읍,73.12,898928,,,,
남양주시,화도/수동,수동면,71.08,0,,,,
남양주시,별내,별내동,18.63,552102,,,,
동두천시,별내,보산동,13.68,0,,,,
동두천시,별내,불현동,33.37,1527,,,,
동두천시,별내,상패동,8.05,82959,,,,
동두천시,별내,생연동,2.88,141124,,,,
동두천시,별내,소요동,31.31,3311540,,,,
동두천시,별내,송내동,5.52,168323.8,,,,
동두천시,별내,중앙동,0.85,7866,,,,
부천시,오정구,오정동,6.9,155342.5,,,,
부천시,오정구,신흥동,3.1,40105,,,,
부천시,오정구,고강동,1.8,107225.2,,,,
부천시,오정구,고강본동,1.7,0,,,,
부천시,오정구,원종동,2.4,137388.7,,,,
부천시,오정구,성곡동,4.1,146372.4,,,,
부천시,소사구,송내동,2.3,79943.8,,,,
부천시,소사구,심곡본동,1.8,238320.5,,,,
부천시,소사구,소사본동,3,134988.3,,,,
부천시,소사구,괴안동,1,64124,,,,
부천시,소사구,범박동,1,34088.2,,,,
부천시,소사구,옥길동,2.7,282063.8,,,,
부천시,원미구,역곡동,3.2,50473.6,,,,
부천시,원미구,소사동,0.6,66841,,,,
부천시,원미구,심곡동,1.5,356,,,,
부천시,원미구,원미동,1.5,243218.9,,,,
부천시,원미구,중동,4.7,10738,,,,
부천시,원미구,상동,4.5,415747,,,,
부천시,원미구,도당동,2,351421.5,,,,
부천시,원미구,약대동,0.7,16957.7,,,,
부천시,원미구,춘의동,2.9,177526.4,,,,
성남시,중원구,성남동,1.99,727022,,,,
성남시,중원구,중앙동,0.68,7866,,,,
성남시,중원구,금광동,1.73,1530,,,,
성남시,중원구,은행동,2.75,112472,,,,
성남시,중원구,상대원동,7.64,21620,,,,
성남시,중원구,하대원동,12,796278.7,,,,
성남시,중원구,도촌동,9.35,289302.3,,,,
성남시,수정구,신흥동,4.41,34992,,,,
성남시,수정구,태평동,2.78,24250,,,,
성남시,수정구,수진동,1.25,51400,,,,
성남시,수정구,단대동,0.8,215038.6,,,,
성남시,수정구,산성동,0.59,7360,,,,
성남시,수정구,양지동,1.26,348806.5,,,,
성남시,수정구,복정동,6.79,15219.4,,,,
성남시,수정구,신촌동,5.01,4410.5,,,,
성남시,수정구,고등동,12.44,547934.9,,,,
성남시,수정구,시흥동,13.05,173656,,,,
성남시,수정구,위례동,3.18,0,,,,
성남시,분당구,분당동,3.4,165932.9,,,,
성남시,분당구,수내동,2.92,561525.5,,,,
성남시,분당구,정자동,4.86,140175.5,,,,
성남시,분당구,서현동,8.36,1203425.1,,,,
성남시,분당구,이매동,3.58,159295.6,,,,
성남시,분당구,야탑동,6.88,1701610.3,,,,
성남시,분당구,금곡동,5.76,26168,,,,
성남시,분당구,구미동,8.32,515846.6,,,,
성남시,분당구,판교동,1.95,26104.8,,,,
성남시,분당구,삼평동,3.33,372793.1,,,,
성남시,분당구,백현동,1.94,502463.5,,,,
성남시,분당구,운중동,18.11,1444129.1,,,,
수원시,장안구,파장동,8.62,20136.8,,,,
수원시,장안구,율천동,2.98,54857.3,,,,
수원시,장안구,정자동,4.15,140175.5,,,,
수원시,장안구,영화동,1.27,7428.4,,,,
수원시,장안구,송죽동,1.68,333568,,,,
수원시,장안구,조원동,2.89,18047.8,,,,
수원시,장안구,연무동,11.58,77417.4,,,,
수원시,권선구,세류동,5.8,24910.5,,,,
수원시,권선구,평동,10.91,372933.3,,,,
수원시,권선구,서둔동,8.84,40754.4,,,,
수원시,권선구,구운동,1.94,71576.8,,,,
수원시,권선구,금곡동[6],4.04,0,,,,
수원시,권선구,호매실동[6],4.74,244534.7,,,,
수원시,권선구,권선동,2.84,243286.6,,,,
수원시,권선구,곡선동,4.46,20952.4,,,,
수원시,권선구,입북동,7.08,19221.3,,,,
수원시,팔달구,행궁동,1.57,1367,,,,
수원시,팔달구,매교동,0.34,0,,,,
수원시,팔달구,매산동,0.48,0,,,,
수원시,팔달구,고등동,1.01,546196.9,,,,
수원시,팔달구,화서동,1.92,100517.1,,,,
수원시,팔달구,지동,0.48,3397,,,,
수원시,팔달구,우만동,1.83,19628.1,,,,
수원시,팔달구,인계동,2.91,240432.6,,,,
수원시,영통구,매탄동,5.14,175179.2,,,,
수원시,영통구,원천동,3.25,1632942.2,,,,
수원시,영통구,광교동,12.15,0,,,,
수원시,영통구,영통동,4.63,325409.4,,,,
수원시,영통구,망포동,2.5,73697,,,,
시흥시,대야동,대야동,9.85,6378,,,,
시흥시,신천동,신천동,3.44,52708,,,,
시흥시,신현동,신현동,12.64,31700,,,,
시흥시,은행동,은행동,5.96,112472,,,,
시흥시,매화동,매화동,11.2,0,,,,
시흥시,목감동,목감동,17.57,152308,,,,
시흥시,군자동,군자동,8.16,41164,,,,
시흥시,정왕본동,정왕본동,8.83,9166,,,,
시흥시,정왕동,정왕동,18.53,2089838,,,,
시흥시,과림동,과림동,7.65,0,,,,
시흥시,연성동,연성동,12.05,44969,,,,
시흥시,능곡동,능곡동,4.34,194396,,,,
시흥시,월곶동,월곶동,8.53,0,,,,
시흥시,장곡동,장곡동,3.51,1524132,,,,
안산시,상록구,이동,2.44,11019.2,,,,
안산시,상록구,일동,2.41,337280.8,,,,
안산시,상록구,사동,2.36,183888.6,,,,
안산시,상록구,사이동,3.65,0,,,,
안산시,상록구,해양동,3.68,0,,,,
안산시,상록구,본오동,8.37,412748.1,,,,
안산시,상록구,부곡동,6.22,22132,,,,
안산시,상록구,월피동,5.54,92729.9,,,,
안산시,상록구,성포동,1.7,673610.5,,,,
안산시,상록구,반월동,13.16,105894,,,,
안산시,상록구,안산동,8.36,23086,,,,
안산시,단원구,와동,3.23,401513.8,,,,
안산시,단원구,고잔동,1.75,618028.5,,,,
안산시,단원구,중앙동,1.87,7866,,,,
안산시,단원구,호수동,2.48,0,,,,
안산시,단원구,원곡동,3,562968.5,,,,
안산시,단원구,백운동,1.51,753,,,,
안산시,단원구,초지동,21.16,424181.2,,,,
안산시,단원구,선부동,8.74,396709,,,,
안산시,단원구,대부동,42.37,82463,,,,
안산시,단원구,신길동,6.83,0,,,,
안성시,고삼면,고삼면,27.79,0,,,,
안성시,공도읍,공도읍,31.96,175233,,,,
안성시,금광면,금광면,71.71,0,,,,
안성시,대덕면,대덕면,31.16,5000,,,,
안성시,미양면,미양면,33.73,41344,,,,
안성시,보개면,보개면,53.01,15055,,,,
안성시,삼죽면,삼죽면,39.07,0,,,,
안성시,서운면,서운면,36.28,26578,,,,
안성시,안성동,안성동,24.96,501076,,,,
안성시,양성면,양성면,53.17,4319,,,,
안성시,원곡면,원곡면,37.83,89397,,,,
안성시,일죽면,일죽면,55.54,3714,,,,
안성시,죽산면,죽산면,57.26,6646,,,,
안양시,만안구,안양동,15.35,294439,,,,
안양시,만안구,석수동,13.35,455802,,,,
안양시,만안구,박달동,7.84,23089,,,,
안양시,만안구,충훈동,0.69,0,,,,
안양시,동안구,갈산동,0.69,7652,,,,
안양시,동안구,비산동,7.85,10100,,,,
안양시,동안구,부흥동,0.5,17249,,,,
안양시,동안구,달안동,0.44,89950,,,,
안양시,동안구,관양동,4.99,112421,,,,
안양시,동안구,부림동,0.86,50374,,,,
안양시,동안구,평촌동,0.82,13058,,,,
안양시,동안구,평안동,0.64,16851,,,,
안양시,동안구,귀인동,0.64,8185,,,,
안양시,동안구,호계동,3.21,16293.2,,,,
안양시,동안구,범계동,0.64,18292,,,,
안양시,동안구,신촌동,0.66,3774.5,,,,
안양시,동안구,인덕원동,1.79,0,,,,
양주시,백석읍,백석읍,41.4,30274,,,,
양주시,은현면,은현면,34.54,13074,,,,
양주시,남면,남면,36.54,0,,,,
양주시,광적면,광적면,48.49,29079,,,,
양주시,장흥면,장흥면,63,0,,,,
양주시,양주동,양주동,43.14,206317,,,,
양주시,옥정동,옥정동,7.5,1525888,,,,
양주시,회천동,회천동,25.53,145055,,,,
여주시,산북면,산북면,33,0,,,,
여주시,금사면,금사면,42,0,,,,
여주시,흥천면,흥천면,44,0,,,,
여주시,대신면,대신면,76,0,,,,
여주시,세종대왕면,세종대왕면,53,0,,,,
여주시,오학동,오학동,17,5930,,,,
여주시,중앙동,중앙동,18,131596,,,,
여주시,북내면,북내면,66,0,,,,
여주시,강천면,강천면,74,0,,,,
여주시,가남읍,가남읍,75,10968,,,,
여주시,여흥동,여흥동,39,242936,,,,
여주시,점동면,점동면,72,1699.9,,,,
오산시,남촌동,남촌동,6.06,302430,,,,
오산시,대원동,대원동,6.2,313688.8,,,,
오산시,세마동,세마동,13.32,68622,,,,
오산시,신장동,신장동,7.04,577435,,,,
오산시,중앙동,중앙동,3.61,32612,,,,
오산시,초평동,초평동,6.48,808412,,,,
용인시,처인구,포곡읍,41.76,18173,,,,
용인시,처인구,모현읍,50.26,2161290,,,,
용인시,처인구,이동읍,75.66,209358,,,,
용인시,처인구,남사읍,58.66,0,,,,
용인시,처인구,원삼면,60.14,0,,,,
용인시,처인구,백암면,65.73,807,,,,
용인시,처인구,양지면,57.69,0,,,,
용인시,처인구,중앙동,7.98,608933,,,,
용인시,처인구,역북동,6.05,81333,,,,
용인시,처인구,삼가동,6.42,26230,,,,
용인시,처인구,유림동,13.62,2465,,,,
용인시,처인구,동부동,23.53,39840,,,,
용인시,기흥구,신갈동,4.84,224617,,,,
용인시,기흥구,영덕동,9.52,516005,,,,
용인시,기흥구,구갈동,4.21,252154,,,,
용인시,기흥구,상갈동,2,175929,,,,
용인시,기흥구,보라동,10.15,140273,,,,
용인시,기흥구,기흥동,11.71,45342,,,,
용인시,기흥구,서농동,4.22,231014,,,,
용인시,기흥구,구성동,6.9,438561,,,,
용인시,기흥구,마북동,5.39,51219,,,,
용인시,기흥구,동백동,10.35,158448,,,,
용인시,기흥구,상하동,5.53,26490,,,,
용인시,기흥구,보정동,6.82,122260,,,,
용인시,수지구,풍덕천동,3.41,187398,,,,
용인시,수지구,신봉동,6.7,629716,,,,
용인시,수지구,죽전동,5.53,327564,,,,
용인시,수지구,동천동,16.59,356525,,,,
용인시,수지구,상현동,4.93,289976,,,,
용인시,수지구,성복동,4.94,119758,,,,
의왕시,고천동,고천동,8.9,120881.7,,,,
의왕시,내손동,내손동,5.1,252604.2,,,,
의왕시,부곡동,부곡동,11.3,173070.1,,,,
의왕시,오전동,오전동,6.7,10399.8,,,,
의왕시,청계동,청계동,22.1,1072412.5,,,,
의정부시,흥선동 ,홍선동,5.84,0,,,,
의정부시,흥선동 ,가능동,3.97,14418,,,,
의정부시,흥선동 ,녹양동,3.81,48923.4,,,,
의정부시,송산동,송산동,26.83,109885.8,,,,
의정부시,신곡동,신곡동,5.37,1005266.7,,,,
의정부시,신곡동,자금동,11.78,45153,,,,
의정부시,신곡동,장암동,8.94,32765,,,,
의정부시,호원동,호원동,10.77,12998,,,,
의정부시,호원동,의정부동,4.44,713395.8,,,,
이천시,백사면,백사면,32.57,0,,,,
이천시,신둔면,신둔면,36.46,0,,,,
이천시,마장면,마장면,51.39,15317,,,,
이천시,관고동,관고동,7.76,1649750,,,,
이천시,증포동,증포동,8.92,9691,,,,
이천시,창전동,창전동,1.13,131606,,,,
이천시,중리동,중리동,22.06,23346,,,,
이천시,호법면,호법면,37.95,0,,,,
이천시,대월면,대월면,31.46,0,,,,
이천시,모가면,모가면,40.99,0,,,,
이천시,부발읍,부발읍,41.87,0,,,,
이천시,설성면,설성면,51.7,0,,,,
이천시,율면,율면,36.77,0,,,,
이천시,장호원읍,장호원읍,60.44,177579,,,,
파주시,문산읍,문산읍,47.23,10676,,,,
파주시,조리읍,조리읍,27.53,272248,,,,
파주시,법원읍,법원읍,71.35,7049,,,,
파주시,파주읍,파주읍,32.26,29203,,,,
파주시,광탄면,광탄면,65.55,346,,,,
파주시,탄현면,탄현면,61.77,704485,,,,
파주시,월롱면,월롱면,27.14,26153,,,,
파주시,적성면,적성면,88.91,0,,,,
파주시,파평면,파평면,41.87,14865,,,,
파주시,군내면,군내면,43.28,1097073.9,,,,
파주시,장단면,장단면,34.73,0,,,,
파주시,진동면,진동면,43.07,2642267,,,,
파주시,진서면,진서면,9.29,0,,,,
파주시,운정동,운정동,18.78,1692729,,,,
파주시,교하동,교하동,36.84,753736,,,,
평택시,서부,포승읍,61.3,789898.8,,,,
평택시,서부,안중읍,28.58,405348.3,,,,
평택시,서부,현덕면,45.85,686228,,,,
평택시,서부,청북읍,52.56,508499,,,,
평택시,서부,오성면,32.51,82010.4,,,,
평택시,북부,서탄면,28.55,5620,,,,
평택시,북부,진위면,34.03,381800.6,,,,
평택시,북부,신장동,2.23,150692,,,,
평택시,북부,지산동,0.69,215279,,,,
평택시,북부,중앙동,5.3,707498.2,,,,
평택시,북부,서정동,1.74,260599.3,,,,
평택시,북부,고덕동,16.53,310071.6,,,,
평택시,북부,고덕면,22.18,2173930.2,,,,
평택시,북부,송북동,7.16,4984.6,,,,
평택시,북부,송탄동,19.55,331786.4,,,,
평택시,남부,동삭동,3.06,409539,,,,
평택시,남부,비전동,17.76,1057255.3,,,,
평택시,남부,세교동,7.12,606369.6,,,,
평택시,남부,신평동,6.36,66541.7,,,,
평택시,남부,용이동,2.64,260377.4,,,,
평택시,남부,원평동,5.25,2756668.4,,,,
평택시,남부,통복동,0.56,218730,,,,
평택시,남부,팽성읍,56.74,560945.9,,,,
포천시,소흘읍,소흘읍,46.28,248856,,,,
포천시,군내면,군내면,36.17,1097073.9,,,,
포천시,내촌면,내촌면,52.75,0,,,,
포천시,가산면,가산면,35.9,119523,,,,
포천시,신북면,신북면,95.98,8040,,,,
포천시,창수면,창수면,71.74,0,,,,
포천시,영중면,영중면,61.31,110772,,,,
포천시,일동면,일동면,83.38,14126,,,,
포천시,이동면,이동면,112.9,39501,,,,
포천시,영북면,영북면,81.69,63543,,,,
포천시,관인면,관인면,70.01,36245,,,,
포천시,화현면,화현면,43.58,0,,,,
포천시,포천동,포천동,11.35,37884,,,,
포천시,선단동,선단동,23.91,49613,,,,
하남시,천현동,천현동,34.92,2283,,,,
하남시,신장동,신장동,4.36,173317,,,,
하남시,덕풍동,덕풍동,3.52,331567,,,,
하남시,미사동,미사동,14.58,1539910,,,,
하남시,감북동,감북동,4.52,116103,,,,
하남시,감일동,감일동,5.7,1298,,,,
하남시,위례동,위례동,4.77,0,,,,
하남시,춘궁동,춘궁동,14.49,0,,,,
하남시,초이동,초이동,6.13,0,,,,
화성시,봉담읍,봉담읍,42.75,431645.7,,,,
화성시,우정읍,우정읍,61.67,407559.8,,,,
화성시,향남읍,향남읍,50.01,898455,,,,
화성시,남양읍,남양읍,67.39,0,,,,
화성시,매송면,매송면,27.27,21117,,,,
화성시,비봉면,비봉면,38.55,177323,,,,
화성시,송산면,송산면,58.36,744320,,,,
화성시,서신면,서신면,43.29,97386,,,,
화성시,팔탄면,팔탄면,50.96,6432,,,,
화성시,장안면,장안면,67.66,80391,,,,
화성시,양감면,양감면,31.06,8123,,,,
화성시,정남면,정남면,40.68,82914,,,,
화성시,새솔동,새솔동,1.81,146695,,,,
화성시,진안동,진안동,6.88,128726,,,,
화성시,병점동,병점동,2.49,195764,,,,
화성시,반월동,반월동,3.96,2992,,,,
화성시,기배동,기배동,4.23,40078,,,,
화성시,동탄동,동탄동,55.66,2010763.8,,,,
화성시,마도면,마도면,31.89,263528,,,,
거제시,일운면,일운면,30.4,12290,,,,
거제시,동부면,동부면,52.53,0,,,,
거제시,남부면,남부면,32.02,0,,,,
거제시,거제면,거제면,37.3,306365,,,,
거제시,둔덕면,둔덕면,33.78,26197,,,,
거제시,사등면,사등면,32.02,11449,,,,
거제시,연초면,연초면,40.4,5238,,,,
거제시,하청면,하청면,29.2,12519,,,,
거제시,장목면,장목면,36.96,0,,,,
거제시,장승포동,장승포동,4.86,230400,,,,
거제시,옥포동,옥포동,10.33,191563,,,,
거제시,장평동,장평동,7.3,33229,,,,
거제시,고현동,고현동,5.61,134183,,,,
거제시,상문동,상문동,20.88,63000,,,,
거제시,수양동,수양동,11.21,0,,,,
거제시,아주동,아주동,12.46,19427,,,,
거제시,능포동,능포동,2.72,66354,,,,
김해시,내외동,내외동,5.33,54016.5,,,,
김해시,대동면,대동면,48.63,0,,,,
김해시,동상동,동상동,1.8,8528,,,,
김해시,부원동,부원동,2.06,8606.4,,,,
김해시,북부동,북부동,13.94,283941.8,,,,
김해시,불암동,불암동,2.59,4688,,,,
김해시,삼안동,삼안동,11.29,41113.3,,,,
김해시,상동면,상동면,70.51,5374.6,,,,
김해시,생림면,생림면,50.18,137025.9,,,,
김해시,장유동,장유동,96.85,163412,,,,
김해시,주촌면,주촌면,31.29,103298.3,,,,
김해시,진례면,진례면,44.82,16980.8,,,,
김해시,진영읍,진영읍,39.67,371449.7,,,,
김해시,칠산서부동,칠산서부동,20.04,26817.2,,,,
김해시,한림면,한림면,59.51,849,,,,
김해시,활천동,활천동,5.88,161609.4,,,,
김해시,회현동,회현동,1.14,117729.4,,,,
밀양시,가곡동,가곡동,6.21,8043,,,,
밀양시,교동,교동,4.61,51236,,,,
밀양시,내이동,내이동,3.06,25958.2,,,,
밀양시,내일동,내일동,12.07,92356,,,,
밀양시,단장면,단장면,142.12,0,,,,
밀양시,무안면,무안면,100.33,1640.6,,,,
밀양시,부북면,부북면,55.31,50186.9,,,,
밀양시,산내면,산내면,107.49,18520,,,,
밀양시,산외면,산외면,35.41,0,,,,
밀양시,삼랑진읍,삼랑진읍,78.31,0,,,,
밀양시,삼문동,삼문동,2.93,21092,,,,
밀양시,상남면,상남면,56.11,5010.5,,,,
밀양시,상동면,상동면,52.01,5374.6,,,,
밀양시,청도면,청도면,57.44,2020,,,,
밀양시,초동면,초동면,48.45,0,,,,
밀양시,하남읍,하남읍,37.09,134810.9,,,,
사천시,곤명면,곤명면,69.81,0,,,,
사천시,곤양면,곤양면,61.12,0,,,,
사천시,남양동,남양동,23.3,27487.4,,,,
사천시,동서금동,동서금동,0.95,53253,,,,
사천시,동서동,동서동,9.73,0,,,,
사천시,벌용동,벌용동,9.71,0,,,,
사천시,사남면,사남면,42.47,59064,,,,
사천시,사천읍,사천읍,29.62,0,,,,
사천시,서포면,서포면,47.99,0,,,,
사천시,선구동,선구동,3.38,52274,,,,
사천시,용현면,용현면,27.85,32143,,,,
사천시,정동면,정동면,36.65,131596,,,,
사천시,축동면,축동면,23.29,0,,,,
사천시,향촌동,향촌동,12.4,0,,,,
양산시,강서동,강서동,29.78,115935.2,,,,
양산시,덕계동,덕계동,13.37,1670,,,,
양산시,동면,동면,56.33,71622.9,,,,
양산시,물금읍,물금읍,19.61,749454.7,,,,
양산시,삼성동,삼성동,15.98,754259.5,,,,
양산시,상북면,상북면,68.72,20251,,,,
양산시,서창동,서창동,22,179218,,,,
양산시,소주동,소주동,18.41,12863,,,,
양산시,양주동,양주동,1.87,21576.4,,,,
양산시,원동면,원동면,148.02,0,,,,
양산시,중앙동,중앙동,13.78,7866,,,,
양산시,평산동,평산동,10.74,7897.2,,,,
양산시,하북면,하북면,68.6,9728.5,,,,
진주시,문산읍,문산읍,39.98,0,,,,
진주시,가호동,가호동,9.5,7592,,,,
진주시,금곡면,금곡면,39.86,0,,,,
진주시,금산면,금산면,32.78,235912,,,,
진주시,내동면,내동면,32.12,245565,,,,
진주시,대곡면,대곡면,55.89,0,,,,
진주시,대평면,대평면,41.05,53007,,,,
진주시,명석면,명석면,69.3,0,,,,
진주시,미천면,미천면,54.63,0,,,,
진주시,사봉면,사봉면,31.96,169897,,,,
진주시,상대동,상대동,2.56,86130,,,,
진주시,상봉동,상봉동,2.62,"5,687",,,,
진주시,상평동,상평동,3.05,30270,,,,
진주시,성북동,성북동,1.16,"340,066.60",,,,
진주시,수곡면,수곡면,42.5,0,,,,
진주시,신안동,신안동,1,13033,,,,
진주시,이반성면,이반성면,42.58,6011,,,,
진주시,이현동,이현동,5.8,12971,,,,
진주시,일반성면,일반성면,19.44,0,,,,
진주시,정촌면,정촌면,26.75,150836,,,,
진주시,중앙동,중앙동,2.04,"8,771",,,,
진주시,지수면,지수면,30.97,994,,,,
진주시,진성면,진성면,36.4,19200,,,,
진주시,집현면,집현면,46.23,0,,,,
진주시,천전동,천전동,6.46,"127,216",,,,
진주시,초장동,초장동,12.26,168530,,,,
진주시,충무공동,충무공동,4.077,723688,,,,
진주시,판문동,판문동,17.38,1181115,,,,
진주시,평거동,평거동,2.92,96411,,,,
진주시,하대동,하대동,2.95,9195,,,,
창원시,의창구,동읍,59.75,260999.2,,,,
창원시,의창구,북면,73.7,0,,,,
창원시,의창구,대산면,33.8,0,,,,
창원시,의창구,의창동,8.24,259750.7,,,,
창원시,의창구,팔룡동,14.28,1307895.5,,,,
창원시,의창구,명곡동,6.62,41080.4,,,,
창원시,의창구,봉림동,12.18,328514.1,,,,
창원시,성산구,반송동,2.06,8943.1,,,,
창원시,성산구,용지동,2.65,0,,,,
창원시,성산구,중앙동,4.87,1030210.3,,,,
창원시,성산구,상남동,1.14,40551.57313,,,,
창원시,성산구,가음정동,2.89,904584.3,,,,
창원시,성산구,성주동,24.94,152407.4,,,,
창원시,성산구,웅남동,38.13,332558.1,,,,
창원시,성산구,사파동,8.06,33056.7,,,,
창원시,마산회원구,내서읍,55.84,96687.9,,,,
창원시,마산회원구,회원동,4.09,17913.4,,,,
창원시,마산회원구,석전동,0.8,57099.8,,,,
창원시,마산회원구,회성동,9.55,89965,,,,
창원시,마산회원구,양덕동,2.5,3645314.5,,,,
창원시,마산회원구,합성동,7.71,8147.8,,,,
창원시,마산회원구,구암동,3.12,0,,,,
창원시,마산회원구,봉암동,6.16,994,,,,
창원시,마산합포구,구산면,43.64,43030,,,,
창원시,마산합포구,진동면,32.3,0,,,,
창원시,마산합포구,진북면,46.57,21151.9,,,,
창원시,마산합포구,진전면,78.58,18974,,,,
창원시,마산합포구,현동,19.51,95126,,,,
창원시,마산합포구,가포동,4.47,226633.9,,,,
창원시,마산합포구,월영동,2.62,142665.4,,,,
창원시,마산합포구,완월동,2.73,2255,,,,
창원시,마산합포구,자산동,1.16,0,,,,
창원시,마산합포구,교방동,2.35,6115.4,,,,
창원시,마산합포구,오동동,1.76,11144,,,,
창원시,마산합포구,합포동,0.66,0,,,,
창원시,마산합포구,산호동,0.76,155719,,,,
창원시,마산합포구,반월중앙동,1.03,0,,,,
창원시,마산합포구,문화동,1.71,157720,,,,
창원시,진해구,충무동,18.07,162141,,,,
창원시,진해구,여좌동,4.54,34017,,,,
창원시,진해구,태백동,4.5,573023.3,,,,
창원시,진해구,경화동,3.9,68440,,,,
창원시,진해구,병암동,1.71,0,,,,
창원시,진해구,석동,2.24,0,,,,
창원시,진해구,이동,0.91,0,,,,
창원시,진해구,자은동,6.94,73917.8,,,,
창원시,진해구,풍호동,2.2,871194.4,,,,
창원시,진해구,웅천동,27.78,861160.4,,,,
창원시,진해구,웅동동,47.85,240749.8,,,,
창원시,진해구,덕산동,2.04,111980,,,,
통영시,광도면,광도면,40.61,110090,,,,
통영시,도산면,도산면,38.58,1617885,,,,
통영시,도천동,도천동,3.95,"271,521",,,,
통영시,명정동,명정동,6.45,25633,,,,
통영시,무전동,무전동,1.84,46680,,,,
통영시,미수동,미수동,2.48,42429,,,,
통영시,봉평동,봉평동,3.79,"1,455,952",,,,
통영시,북신동,북신동,1.05,1492,,,,
통영시,사량면,사량면,26.98,0,,,,
통영시,산양읍,산양읍,39.62,250287,,,,
통영시,욕지면,욕지면,23.94,0,,,,
통영시,용남면,용남면,16.97,175494,,,,
통영시,정량동,정량동,1.98,903427,,,,
통영시,중앙동,중앙동,0.67,"16,456",,,,
통영시,한산면,한산면,30.28,0,,,,
경산시,남부동,남부동,3.74,"36,610.80",,,,
경산시,남산면,남산면,38.17,183918,,,,
경산시,남천면,남천면,70.53,0,,,,
경산시,동부동,동부동,18.46,"44,157.30",,,,
경산시,북부동,북부동,9.1,"36,062.50",,,,
경산시,서부동,서부동,7.13,"51,696.80",,,,
경산시,압량읍,압량읍,18.35,36928.9,,,,
경산시,와촌면,와촌면,47.9,21015,,,,
경산시,용성면,용성면,79.4,0,,,,
경산시,자인면,자인면,22.05,10379,,,,
경산시,중방동,중방동,1.24,11489,,,,
경산시,중앙동,중앙동,0.83,"8,858",,,,
경산시,진량읍,진량읍,46.2,308994.6,,,,
경산시,하양읍,하양읍,48.6,81360.1,,,,
경주시,감포읍,감포읍,44.83,0,,,,
경주시,강동면,강동면,81.48,0,,,,
경주시,건천읍,건천읍,90.46,3000,,,,
경주시,내남면,내남면,122.03,0,,,,
경주시,동천동,동천동,5.26,20250,,,,
경주시,문무대왕면,문무대왕면,120.06,0,,,,
경주시,보덕동,보덕동,80.96,0,,,,
경주시,불국동,불국동,37,"107,757",,,,
경주시,산내면,산내면,143.03,18520,,,,
경주시,서면,서면,52.13,122956,,,,
경주시,선도동,선도동,28.02,40062,,,,
경주시,성건동,성건동,6,"7,803",,,,
경주시,안강읍,안강읍,138.67,10628,,,,
경주시,양남면,양남면,84.95,138070,,,,
경주시,외동읍,외동읍,109.76,10470,,,,
경주시,용강동,용강동,5.06,29410,,,,
경주시,월성동,월성동,31.37,"792,873.90",,,,
경주시,천북면,천북면,58.21,0,,,,
경주시,현곡면,현곡면,55.78,3000,,,,
경주시,황남동,황남동,22.16,0,,,,
경주시,황성동,황성동,3.84,925543,,,,
경주시,황오동,황오동,1.33,0,,,,
경주시,중부동,중부동,0.93,0,,,,
구미시,고아읍,고아읍,63.46,312436,,,,
구미시,공단동,공단동,7.95,9895,,,,
구미시,광평동,광평동,1.83,267000,,,,
구미시,도개면,도개면,60.96,0,,,,
구미시,도량동,도량동,3.75,914232,,,,
구미시,무을면,무을면,44.73,0,,,,
구미시,비산동,비산동,6.22,10100,,,,
구미시,산동읍,산동읍,58.18,206929,,,,
구미시,상모사곡동,상모사곡동,5.79,"42,680",,,,
구미시,선산읍,선산읍,67.07,15606,,,,
구미시,선주원남동,선주원남동,27.89,"75,420",,,,
구미시,송정동,송정동,1.59,135549.2,,,,
구미시,신평동,신평동,1.28,63439,,,,
구미시,양포동,양포동,22.51,"446,176",,,,
구미시,옥성면,옥성면,66.53,0,,,,
구미시,원평동,원평동,2.74,2636456,,,,
구미시,인동동,인동동,20.33,"1,731,902",,,,
구미시,임오동,임오동,6.93,"332,936",,,,
구미시,장천면,장천면,58.15,1500,,,,
구미시,지산동,지산동,4.27,215279,,,,
구미시,진미동,진미동,8.97,312025,,,,
구미시,해평면,해평면,69.28,0,,,,
구미시,형곡동,형곡동,4.89,15308,,,,
김천시,감문면,감문면,59.41,0,,,,
김천시,감천면,감천면,27.51,0,,,,
김천시,개령면,개령면,27.85,0,,,,
김천시,구성면,구성면,95.5,0,,,,
김천시,남면,남면,70.58,21310,,,,
김천시,농소면,농소면,45.42,0,,,,
김천시,대곡동,대곡동,13.93,120756.7,,,,
김천시,대덕면,대덕면,98.38,5000,,,,
김천시,대신동,대신동,23.45,"29,525",,,,
김천시,대항면,대항면,66.03,79160,,,,
김천시,봉산면,봉산면,56.45,420,,,,
김천시,부항면,부항면,82.64,0,,,,
김천시,아포읍,아포읍,53.47,4870,,,,
김천시,양금동,양금동,9.22,0,,,,
김천시,어모면,어모면,65.22,0,,,,
김천시,율곡동,율곡동,4.3,728514,,,,
김천시,자산동,자산동,1.34,"135,420.60",,,,
김천시,조마면,조마면,70.93,0,,,,
김천시,증산면,증산면,75.21,0,,,,
김천시,지례면,지례면,54.16,0,,,,
김천시,지좌동,지좌동,9.99,0,,,,
김천시,평화남산동,평화남산동,2.27,0,,,,
문경시,가은읍,가은읍,152.42,1500,,,,
문경시,농암면,농암면,103.46,0,,,,
문경시,동로면,동로면,150.6,0,,,,
문경시,마성면,마성면,74.77,0,,,,
문경시,문경읍,문경읍,156.68,9851,,,,
문경시,산북면,산북면,111.21,0,,,,
문경시,산양면,산양면,32.65,0,,,,
문경시,영순면,영순면,38.54,0,,,,
문경시,점촌동,점촌동,46.08,"186,398",,,,
문경시,호계면,호계면,53.25,0.00,,,,
상주시,계림동,계림동,11.76,"146,176.10",,,,
상주시,공검면,공검면,39.5,1068,,,,
상주시,공성면,공성면,89.29,4110,,,,
상주시,낙동면,낙동면,91.1,0,,,,
상주시,남원동,남원동,27.83,4710,,,,
상주시,내서면,내서면,80.66,0,,,,
상주시,동문동,동문동,18.14,"968,444",,,,
상주시,동성동,동성동,11.78,2600,,,,
상주시,모동면,모동면,70.5,3813,,,,
상주시,모서면,모서면,84.98,0,,,,
상주시,북문동,북문동,14.44,"65,192",,,,
상주시,사벌국면,사벌국면,51.69,3706,,,,
상주시,신흥동,신흥동,25.77,34992,,,,
상주시,외남면,외남면,33.22,"32,021",,,,
상주시,외서면,외서면,88.08,0,,,,
상주시,은척면,은척면,53.95,"126,234.20",,,,
상주시,이안면,이안면,52.35,0,,,,
상주시,중동면,중동면,57.37,3472,,,,
상주시,청리면,청리면,39.59,39146.4,,,,
상주시,함창읍,함창읍,43.36,90267.5,,,,
상주시,화남면,화남면,54.39,0,,,,
상주시,화동면,화동면,56.1,"1,221",,,,
상주시,화북면,화북면,99.41,0,,,,
상주시,화서면,화서면,59.51,65723,,,,
안동시,강남동,강남동,20.03,"255,616.40",,,,
안동시,길안면,길안면,200.05,"2,946",,,,
안동시,남선면,남선면,59.2,0,,,,
안동시,남후면,남후면,63.15,65031,,,,
안동시,녹전면,녹전면,70.84,0,,,,
안동시,도산면,도산면,101.91,1617885,,,,
안동시,명륜동,명륜동,8.01,"21,743",,,,
안동시,북후면,북후면,76.86,579,,,,
안동시,서구동,서구동,1.56,"1,064",,,,
안동시,서후면,서후면,65.35,52616,,,,
안동시,송하동,송하동,9.65,0,,,,
안동시,안기동,안기동,7.29,3168,,,,
안동시,예안면,예안면,163.92,31676,,,,
안동시,옥동,옥동,4.43,304850.9,,,,
안동시,와룡면,와룡면,116.99,0,,,,
안동시,용상동,용상동,26.1,"9,146.00",,,,
안동시,일직면,일직면,85.55,31848,,,,
안동시,임동면,임동면,151.07,0,,,,
안동시,임하면,임하면,91.7,72450,,,,
안동시,중구동,중구동,3.88,"131,881",,,,
안동시,태화동,태화동,2.31,9821,,,,
안동시,평화동,평화동,0.85,"85,557",,,,
안동시,풍산읍,풍산읍,96.64,168606,,,,
안동시,풍천면,풍천면,93.89,"1,047,893",,,,
영주시,가흥동,가흥동,24.2,"272,409",,,,
영주시,단산면,단산면,92.2,0,,,,
영주시,문수면,문수면,41.25,0,,,,
영주시,봉현면,봉현면,51.93,40894,,,,
영주시,부석면,부석면,91.68,996,,,,
영주시,상망동,상망동,15.78,15102,,,,
영주시,순흥면,순흥면,54.35,15508,,,,
영주시,안정면,안정면,43.69,0,,,,
영주시,영주동,영주동,1.51,39798,,,,
영주시,이산면,이산면,53.24,0,,,,
영주시,장수면,장수면,42.06,"12,419",,,,
영주시,평은면,평은면,62.18,312278,,,,
영주시,풍기읍,풍기읍,75.93,"63,830",,,,
영주시,하망동,하망동,2.55,369309,,,,
영주시,휴천동,휴천동,16.44,"324,392",,,,
영천시,고경면,고경면,120.57,0,,,,
영천시,금호읍,금호읍,51.55,0,,,,
영천시,남부동,남부동,27.17,"77,139.80",,,,
영천시,대창면,대창면,50.93,0,,,,
영천시,동부동,동부동,10.76,"167,809",,,,
영천시,북안면,북안면,71.19,0,,,,
영천시,서부동,서부동,16.64,"329,928",,,,
영천시,신녕면,신녕면,81.09,0,,,,
영천시,완산동,완산동,5.07,14160.9,,,,
영천시,임고면,임고면,88.15,0,,,,
영천시,자양면,자양면,89.44,0,,,,
영천시,중앙동,중앙동,20.44,"17,028.80",,,,
영천시,청통면,청통면,67.26,0,,,,
영천시,화남면,화남면,79.34,0,,,,
영천시,화북면,화북면,87.26,0,,,,
영천시,화산면,화산면,53.48,0,,,,
포항시,남구,상대동,3.44,"95,433",,,,
포항시,남구,해도동,1.94,"95,666.90",,,,
포항시,남구,송도동,1.86,3924.4,,,,
포항시,남구,청림동,6.74,"4,261.20",,,,
포항시,남구,제철동,19.56,3987,,,,
포항시,남구,효곡동,5.86,"90,889",,,,
포항시,남구,대이동,4.94,23312.2,,,,
포항시,북구,중앙동,2.33,7866,,,,
포항시,북구,양학동,1.98,2370.4,,,,
포항시,북구,죽도동,1.86,11353.5,,,,
포항시,북구,용흥동,3.95,629.00,,,,
포항시,북구,우창동,6.2,"25,786.90",,,,
포항시,북구,두호동,1.38,"17,511.70",,,,
포항시,북구,장량동,11.18,"100,566.30",,,,
포항시,북구,환여동,2.37,522598.9,,,,
포항시,구룡포읍,구룡포읍,45.17,"11,664",,,,
포항시,기계면,기계면,91.96,0,,,,
포항시,기북면,기북면,52.39,0,,,,
포항시,대송면,대송면,32.62,"385,023.00",,,,
포항시,동해면,동해면,43.62,258008,,,,
포항시,송라면,송라면,59.4,0,,,,
포항시,신광면,신광면,80.17,0,,,,
포항시,연일읍,연일읍,36.07,30452.7,,,,
포항시,오천읍,오천읍,70.5,86174.3,,,,
포항시,장기면,장기면,100.27,0,,,,
포항시,죽장면,죽장면,235.71,0,,,,
포항시,청하면,청하면,78.2,0.00,,,,
포항시,호미곶면,호미곶면,20.43,0.00,,,,
포항시,흥해읍,흥해읍,105.72,"191,751.60",,,,
광양시,골약동,골약동,35.62,"2,968,817.30",,,,
광양시,광양읍,광양읍,54.464,2673494.4,,,,
광양시,광영동,광영동,3.254,37538.3,,,,
광양시,금호동,금호동,18.342,10000,,,,
광양시,다압면,다압면,63.624,800,,,,
광양시,봉강면,봉강면,55.593,0,,,,
광양시,옥곡면,옥곡면,40.299,42392.9,,,,
광양시,옥룡면,옥룡면,66.287,400,,,,
광양시,중마동,중마동,9.823,0,,,,
광양시,진상면,진상면,65.495,49485,,,,
광양시,진월면,진월면,37.163,17060,,,,
광양시,태인동,태인동,6.102,1020820,,,,
나주시,공산면,공산면,32.3,140116,,,,
나주시,금남동,금남동,11.57,"79,097",,,,
나주시,금천면,금천면,26.65,0,,,,
나주시,남평읍,남평읍,54.36,"118,014.00",,,,
나주시,노안면,노안면,42.51,8227,,,,
나주시,다도면,다도면,73.14,0,,,,
나주시,다시면,다시면,56.74,5191,,,,
나주시,동강면,동강면,46.9,0,,,,
나주시,문평면,문평면,47,0,,,,
나주시,반남면,반남면,20.34,0,,,,
나주시,봉황면,봉황면,59.97,0,,,,
나주시,빛가람동,빛가람동,7.36,1166349,,,,
나주시,산포면,산포면,20.43,10024,,,,
나주시,성북동,성북동,8.08,"252,649.60",,,,
나주시,세지면,세지면,30.02,0,,,,
나주시,송월동,송월동,4.76,79624,,,,
나주시,영강동,영강동,6.94,"49,749",,,,
나주시,영산동,영산동,14.04,0,,,,
나주시,왕곡면,왕곡면,30.08,30914,,,,
나주시,이창동,이창동,15.25,"26,591",,,,
목포시,대성동,대성동,0.34,69072,,,,
목포시,동명동,동명동,0.79,276296,,,,
목포시,만호동,만호동,0.94,8775,,,,
목포시,목원동,목원동,1.48,731,,,,
목포시,부주동,부주동,3.44,0,,,,
목포시,부흥동,부흥동,2.79,17249,,,,
목포시,북항동,북항동,0.75,0,,,,
목포시,산정동,산정동,0.76,3000,,,,
목포시,삼학동,삼학동,0.75,"11,016.00",,,,
목포시,삼향동,삼향동,7.7,46180,,,,
목포시,상동,상동,3.12,415747,,,,
목포시,신흥동,신흥동,1.79,34992,,,,
목포시,연동,연동,0.67,1763866.8,,,,
목포시,연산동,연산동,2.88,519348,,,,
목포시,옥암동,옥암동,2.58,"1,521,397",,,,
목포시,용당동,용당동,1.54,3044,,,,
목포시,용해동,용해동,2.11,1191764,,,,
목포시,원산동,원산동,0.62,0,,,,
목포시,유달동,유달동,12.5,0,,,,
목포시,이로동,이로동,1.93,0,,,,
목포시,죽교동,죽교동,0.75,1236979,,,,
목포시,하당동,하당동,1.2,0,,,,
순천시,낙안면,낙안면,63.1,0,,,,
순천시,남제동,남제동,2.56,"5,064",,,,
순천시,덕연동,덕연동,5.11,"122,057",,,,
순천시,도사동,도사동,25.4,"34,076",,,,
순천시,매곡동,매곡동,1.42,35254,,,,
순천시,별량면,별량면,69.67,0,,,,
순천시,삼산동,삼산동,17.72,"222,171",,,,
순천시,상사면,상사면,60.3,0,,,,
순천시,서면,서면,103.53,122956,,,,
순천시,송광면,송광면,109.85,0,,,,
순천시,승주읍,승주읍,93.05,0,,,,
순천시,왕조동,왕조동,10.7,"243,986",,,,
순천시,외서면,외서면,35.43,0,,,,
순천시,월등면,월등면,44.29,0,,,,
순천시,장천동,장천동,0.47,2210,,,,
순천시,저전동,저전동,0.97,2931,,,,
순천시,조곡동,조곡동,2.15,"13,921",,,,
순천시,주암면,주암면,93.83,"81,430",,,,
순천시,중앙동,중앙동,0.5,"13,156",,,,
순천시,풍덕동,풍덕동,2.98,72816,,,,
순천시,해룡면,해룡면,49.93,469973.8,,,,
순천시,황전면,황전면,98.8,0,,,,
여수시,광림동,광림동,3.4,"2,541.40",,,,
여수시,국동,국동,1.5,2417,,,,
여수시,남면,남면,42.4,21310,,,,
여수시,대교동,대교동,1.6,10654,,,,
여수시,돌산읍,돌산읍,71.8,"244,306",,,,
여수시,동문동,동문동,0.9,"622,340",,,,
여수시,둔덕동,둔덕동,4.1,8209.7,,,,
여수시,만덕동,만덕동,15.8,"273,117",,,,
여수시,묘도동,묘도동,11.5,0,,,,
여수시,문수동,문수동,2.3,31039.7,,,,
여수시,미평동,미평동,3.1,108490.5,,,,
여수시,삼산면,삼산면,27.6,0,,,,
여수시,삼일동,삼일동,66.8,4886,,,,
여수시,서강동,서강동,0.7,1906.9,,,,
여수시,소라면,소라면,60.5,468437.8,,,,
여수시,시전동,시전동,6.1,"1,856,583.50",,,,
여수시,쌍봉동,쌍봉동,7.2,"1,080,682.80",,,,
여수시,여서동,여서동,2.6,58113.4,,,,
여수시,여천동,여천동,7.5,"80,291.70",,,,
여수시,월호동,월호동,6.8,43321.5,,,,
여수시,율촌면,율촌면,46.5,"465,390",,,,
여수시,주삼동,주삼동,11.5,0,,,,
여수시,중앙동,중앙동,0.5,"7,866",,,,
여수시,충무동,충무동,1.4,991.4,,,,
여수시,한려동,한려동,0.9,0,,,,
여수시,화양면,화양면,70.1,0,,,,
여수시,화정면,화정면,26.3,0,,,,
군산시,개정동,개정동,5.11,103358,,,,
군산시,개정면,개정면,16.8,5498,,,,
군산시,경암동,경암동,1.22,0,,,,
군산시,구암동,구암동,5.63,"922,986",,,,
군산시,나운동,나운동,10.96,"276,980",,,,
군산시,나포면,나포면,31.8,0,,,,
군산시,대야면,대야면,37.83,0.00,,,,
군산시,미성동,미성동,29.54,"332,272",,,,
군산시,삼학동,삼학동,0.56,11016,,,,
군산시,서수면,서수면,24.23,0,,,,
군산시,성산면,성산면,27.41,0,,,,
군산시,소룡동,소룡동,33.48,"6,893,352",,,,
군산시,수송동,수송동,5.41,"684,399",,,,
군산시,신풍동,신풍동,1.21,3536,,,,
군산시,옥구읍,옥구읍,38.3,3580,,,,
군산시,옥도면,옥도면,23.56,0,,,,
군산시,옥산면,옥산면,16.73,71338,,,,
군산시,옥서면,옥서면,20.88,0,,,,
군산시,월명동,월명동,1.14,"59,118",,,,
군산시,임피면,임피면,21.97,"8,950",,,,
군산시,조촌동,조촌동,3.11,"1,976,857.47",,,,
군산시,중앙동,중앙동,0.67,7866,,,,
군산시,해신동,해신동,3.03,"58,054",,,,
군산시,회현면,회현면,38.34,0,,,,
군산시,흥남동,흥남동,0.99,"112,698",,,,
김제시,검산동,검산동,14.23,0,,,,
김제시,공덕면,공덕면,29.23,0,,,,
김제시,광활면,광활면,32.14,0,,,,
김제시,교월동,교월동,27.93,0,,,,
김제시,금구면,금구면,42.55,0,,,,
김제시,금산면,금산면,66.78,235912,,,,
김제시,만경읍,만경읍,23.9,0,,,,
김제시,백구면,백구면,21.93,0,,,,
김제시,백산면,백산면,29.31,0,,,,
김제시,봉남면,봉남면,23.73,0,,,,
김제시,부량면,부량면,20.1,0.00,,,,
김제시,성덕면,성덕면,22.22,0,,,,
김제시,신풍동,신풍동,23,3536,,,,
김제시,요촌동,요촌동,11.06,0,,,,
김제시,용지면,용지면,34.9,0,,,,
김제시,죽산면,죽산면,36.8,6646,,,,
김제시,진봉면,진봉면,48.79,0,,,,
김제시,청하면,청하면,19.7,0,,,,
김제시,황산면,황산면,18.15,0,,,,
남원시,금동,금동,2,0,,,,
남원시,금지면,금지면,33.5,63520,,,,
남원시,노암동,노암동,8.9,1130,,,,
남원시,대강면,대강면,43.9,0,,,,
남원시,대산면,대산면,36.1,82104.2,,,,
남원시,덕과면,덕과면,23.7,0,,,,
남원시,도통동,도통동,15.4,51158,,,,
남원시,동충동,동충동,0.6,0,,,,
남원시,보절면,보절면,42,0,,,,
남원시,사매면,사매면,32.2,0,,,,
남원시,산내면,산내면,103.4,18520,,,,
남원시,산동면,산동면,53.8,0,,,,
남원시,송동면,송동면,33.2,0,,,,
남원시,수지면,수지면,31.5,0,,,,
남원시,아영면,아영면,35.5,0,,,,
남원시,왕정동,왕정동,6.1,0,,,,
남원시,운봉읍,운봉읍,69.5,0,,,,
남원시,이백면,이백면,43.6,3196,,,,
남원시,인월면,인월면,37.5,0,,,,
남원시,주생면,주생면,26.3,0,,,,
남원시,주천면,주천면,54.6,4270,,,,
남원시,죽항동,죽항동,0.7,0,,,,
남원시,향교동,향교동,18.5,6020,,,,
익산시,금마면,금마면,28.52,398000,,,,
익산시,남중동,남중동,1.75,3298,,,,
익산시,낭산면,낭산면,34.9,232213.6,,,,
익산시,동산동,동산동,12.73,"816,084",,,,
익산시,마동,마동,1.48,"583,476",,,,
익산시,망성면,망성면,31.89,0,,,,
익산시,모현동,모현동,3.59,603102,,,,
익산시,삼기면,삼기면,23.31,115337.2,,,,
익산시,삼성동,삼성동,12.8,"1,971,170.70",,,,
익산시,성당면,성당면,19.38,0,,,,
익산시,송학동,송학동,1.47,52000,,,,
익산시,신동,신동,12.48,"1,054,056",,,,
익산시,어양동,어양동,2.12,1404610,,,,
익산시,여산면,여산면,36.27,193136,,,,
익산시,영등동,영등동,2.9,750052,,,,
익산시,오산면,오산면,29.57,0,,,,
익산시,왕궁면,왕궁면,45.57,406237.8,,,,
익산시,용동면,용동면,16.47,0,,,,
익산시,용안면,용안면,25.58,"413,150",,,,
익산시,웅포면,웅포면,33.04,0,,,,
익산시,인화동,인화동,2.23,30816,,,,
익산시,중앙동,중앙동,0.88,7866,,,,
익산시,춘포면,춘포면,29.58,297784,,,,
익산시,팔봉동,팔봉동,20.8,"1,109,278",,,,
익산시,평화동,평화동,6.86,72971,,,,
익산시,함라면,함라면,22.86,0,,,,
익산시,함열읍,함열읍,18.95,"576,726",,,,
익산시,황등면,황등면,27.7,238000,,,,
전주시,덕진구,진북동,1.71,10581.8,,,,
전주시,덕진구,인후동,4.29,5959436.4,,,,
전주시,덕진구,덕진동,4.78,7410552,,,,
전주시,덕진구,금암동,2.5,164098,,,,
전주시,덕진구,팔복동,7.38,4465480.6,,,,
전주시,덕진구,우아동,24.34,145734.4,,,,
전주시,덕진구,호성동,7.64,0,,,,
전주시,덕진구,송천동,16.93,791953.4,,,,
전주시,덕진구,조촌동,24.28,"2,086,545.47",,,,
전주시,덕진구,여의동,15.71,"593,964.60",,,,
전주시,덕진구,혁신동,3.37,"351,744",,,,
전주시,완산구,중앙동,1.35,"8,282",,,,
전주시,완산구,풍남동,2.05,102034,,,,
전주시,완산구,노송동,2.09,848,,,,
전주시,완산구,완산동,0.99,"1,317,248.90",,,,
전주시,완산구,동서학동,15.23,3263390,,,,
전주시,완산구,서서학동,2.97,14928,,,,
전주시,완산구,서신동,2.39,138570,,,,
전주시,완산구,삼천동,28.82,"13,922,928",,,,
전주시,완산구,중앙동,1.35,"8,282",,,,
전주시,완산구,중화산동,2.94,1396220,,,,
전주시,완산구,평화동,17.13,72971,,,,
정읍시,감곡면,감곡면,41.57,0,,,,
정읍시,고부면,고부면,40.02,0.00,,,,
정읍시,내장상동,내장상동,45.17,0.00,,,,
정읍시,농소동,농소동,18.81,0,,,,
정읍시,덕천면,덕천면,20.66,0,,,,
정읍시,북면,북면,35.64,625162.8,,,,
정읍시,산내면,산내면,64.98,18520,,,,
정읍시,산외면,산외면,62.74,0.00,,,,
정읍시,상교동,상교동,46.16,0,,,,
정읍시,소성면,소성면,29.06,0,,,,
정읍시,수성동,수성동,5.9,"102,040",,,,
정읍시,시기동,시기동,0.45,"44,740",,,,
정읍시,신태인읍,신태인읍,29.83,0,,,,
정읍시,연지동,연지동,1.71,3301.8,,,,
정읍시,영원면,영원면,24.96,0,,,,
정읍시,옹동면,옹동면,39.88,0,,,,
정읍시,이평면,이평면,25.73,0,,,,
정읍시,입암면,입암면,35.8,0,,,,
정읍시,장명동,장명동,6.55,12352,,,,
정읍시,정우면,정우면,30.34,0,,,,
정읍시,초산동,초산동,2.9,0,,,,
정읍시,칠보면,칠보면,49.6,0,,,,
정읍시,태인면,태인면,34.2,0,,,,
서귀포시,남원읍,남원읍,188.71,34500,,,,
서귀포시,대륜동,대륜동,22.24,"186,621",,,,
서귀포시,대정읍,대정읍,78.63,"5,492",,,,
서귀포시,대천동,대천동,50.5,"687,084",,,,
서귀포시,동홍동,동홍동,14.3,88516,,,,
서귀포시,서홍동,서홍동,14.71,880793,,,,
서귀포시,성산읍,성산읍,107.79,102612,,,,
서귀포시,송산동,송산동,4.8,20651,,,,
서귀포시,안덕면,안덕면,105.6,172543,,,,
서귀포시,영천동,영천동,46.33,"13,664",,,,
서귀포시,예래동,예래동,37.3,0,,,,
서귀포시,정방동,정방동,0.44,213865,,,,
서귀포시,중문동,중문동,56.44,67990,,,,
서귀포시,중앙동,중앙동,0.35,7866,,,,
서귀포시,천지동,천지동,1.39,0,,,,
서귀포시,표선면,표선면,135.16,20486,,,,
서귀포시,효돈동,효돈동,6.6,"285,946",,,,
제주시,애월읍,애월읍,202.16,202411.7,,,,
제주시,한림읍,한림읍,91.09,"1,236,509",,,,
제주시,한경면,한경면,79.03,127940,,,,
제주시,조천읍,조천읍,150.64,83487.6,,,,
제주시,구좌읍,구좌읍,185.93,377120,,,,
제주시,건입동,건입동,2.53,1229982.9,,,,
제주시,노형동,노형동,45.24,319411.4,,,,
제주시,도두동,도두동,4.03,"87,343",,,,
제주시,봉개동,봉개동,47.34,11333,,,,
제주시,삼도동,삼도동,2.1,"37,728.70",,,,
제주시,삼양동,삼양동,9.53,"146,277.40",,,,
제주시,아라동,아라동,70.64,"885,320.60",,,,
제주시,연동,연동,12.32,1763866.8,,,,
제주시,오라동,오라동,28.74,0,,,,
제주시,외도동,외도동,8.4,22555,,,,
제주시,용담동,용담동,5.54,"358,716.10",,,,
제주시,우도면,우도면,6.18,0,,,,
제주시,이도동,이도동,6.09,"156,919.40",,,,
제주시,이호동,이호동,2.56,0,,,,
제주시,일도동,일도동,2.51,270731,,,,
제주시,추자면,추자면,7.05,0,,,,
제주시,화북동,화북동,8.29,"205,947.40",,,,
계룡시,금암동,금암동,2.88,164098,,,,
계룡시,두마면,두마면,12.58,682396,,,,
계룡시,신도안면,신도안면,27.37,"41,464.00",,,,
계룡시,엄사면,엄사면,17.91,"249,292.00",,,,
공주시,남,계룡면,84.08,0.00,,,,
공주시,남,반포면,78.04,202095,,,,
공주시,남,이인면,62.95,51780,,,,
공주시,남,탄천면,64.15,75046,,,,
공주시,중앙,웅진동,6.61,0.00,,,,
공주시,중앙,금학동,29.99,"3,136",,,,
공주시,중앙,옥룡동,20.41,"128,105.00",,,,
공주시,중앙,중학동,1.46,0,,,,
공주시,동,정안면,108.96,4083,,,,
공주시,동,의당면,65.69,10484,,,,
공주시,동,월송동,23.65,"47,792",,,,
공주시,동,신관동,18.77,"235,904",,,,
공주시,서,유구읍,101.55,3284,,,,
공주시,서,신풍면,80.47,0,,,,
공주시,서,사곡면,80.13,0,,,,
공주시,서,우성면,79.54,0,,,,
논산시,가야곡면,가야곡면,45.3,0,,,,
논산시,강경읍,강경읍,7.01,226105,,,,
논산시,광석면,광석면,34.02,0,,,,
논산시,노성면,노성면,35.78,53385,,,,
논산시,벌곡면,벌곡면,69.71,"206,248",,,,
논산시,부적면,부적면,30.72,0,,,,
논산시,부창동,부창동,7.55,"10,821",,,,
논산시,상월면,상월면,44.78,23192,,,,
논산시,성동면,성동면,35.58,39002,,,,
논산시,양촌면,양촌면,77.21,"4,132",,,,
논산시,연무읍,연무읍,59.45,"371,445",,,,
논산시,연산면,연산면,55,133243,,,,
논산시,은진면,은진면,22.53,86858,,,,
논산시,채운면,채운면,19.75,0,,,,
논산시,취암동,취암동,10.46,29526,,,,
당진시,고대면,고대면,65.35,284948,,,,
당진시,당진동,당진동,51.23,"668,541",,,,
당진시,대호지면,대호지면,65.85,56098,,,,
당진시,면천면,면천면,39.24,11446,,,,
당진시,석문면,석문면,94.27,1020710,,,,
당진시,송산면,송산면,62.57,744320,,,,
당진시,송악읍,송악읍,79.76,"943,857",,,,
당진시,순성면,순성면,44.39,2707,,,,
당진시,신평면,신평면,54.32,184521,,,,
당진시,우강면,우강면,38.86,159383,,,,
당진시,정미면,정미면,49.58,8668,,,,
당진시,합덕읍,합덕읍,51.32,276069,,,,
보령시,남포면,남포면,49.44,4523,,,,
보령시,대천동,대천동,47.3,"354,983.70",,,,
보령시,미산면,미산면,65.53,0,,,,
보령시,성주면,성주면,39.79,0,,,,
보령시,오천면,오천면,50.42,"56,940",,,,
보령시,웅천읍,웅천읍,62.5,51980,,,,
보령시,주교면,주교면,36.32,72008,,,,
보령시,주산면,주산면,40.93,0,,,,
보령시,주포면,주포면,13.34,19180,,,,
보령시,천북면,천북면,55.17,0,,,,
보령시,청라면,청라면,69.82,0,,,,
보령시,청소면,청소면,38.45,0,,,,
서산시,고북면,고북면,71.75,264082,,,,
서산시,대산읍,대산읍,105.67,1654117.2,,,,
서산시,동문동,동문동,8.76,594700,,,,
서산시,부석면,부석면,123.94,996,,,,
서산시,부춘동,부춘동,9.43,0.00,,,,
서산시,석남동,석남동,37.82,"400,618",,,,
서산시,성연면,성연면,43.93,2224390,,,,
서산시,수석동,수석동,6.04,0,,,,
서산시,운산면,운산면,82.65,0,,,,
서산시,음암면,음암면,43.94,"309,646",,,,
서산시,인지면,인지면,35.47,7515,,,,
서산시,지곡면,지곡면,57.9,1029208,,,,
서산시,팔봉면,팔봉면,51.34,8264,,,,
서산시,해미면,해미면,68.24,79309,,,,
아산시,도고읍,도고읍,43.84,22950,,,,
아산시,둔포면,둔포면,41.22,258692,,,,
아산시,배방읍,배방읍,49.65,595713,,,,
아산시,선장면,선장면,37.66,0,,,,
아산시,송악면,송악면,61.2,65685,,,,
아산시,신창면,신창면,39.69,2019,,,,
아산시,염치읍,염치읍,42.11,0,,,,
아산시,영인면,영인면,56.28,0,,,,
아산시,온양동,온양동,42,"294,463",,,,
아산시,음봉면,음봉면,59.02,65048,,,,
아산시,인주면,인주면,44.98,"87,690",,,,
아산시,탕정면,탕정면,24.21,449009,,,,
천안시,서북구,성환읍,57.06,17921,,,,
천안시,서북구,직산읍,30.6,471678.3,,,,
천안시,서북구,성거읍,31.44,444538.1,,,,
천안시,서북구,입장면,42.73,0,,,,
천안시,서북구,부성동,19.1,"49,792.30",,,,
천안시,서북구,백석동,4.63,383769.4,,,,
천안시,서북구,성정동,3.5,"668,783.10",,,,
천안시,서북구,쌍용동,4.29,"1,124,782.60",,,,
천안시,서북구,불당동,4.66,0.00,,,,
천안시,동남구,광덕면,80.5,0,,,,
천안시,동남구,북면,58.56,625162.8,,,,
천안시,동남구,병천면,56.39,"7,292",,,,
천안시,동남구,동면,43.25,71622.9,,,,
천안시,동남구,목천읍,63.09,0,,,,
천안시,동남구,문성동,0.6,0,,,,
천안시,동남구,봉명동,1.57,335956,,,,
천안시,동남구,성남면,33.01,437962,,,,
천안시,동남구,수신면,25.89,4083.7,,,,
천안시,동남구,신방동,5.47,186101.8,,,,
천안시,동남구,신안동,11.54,"704,981",,,,
천안시,동남구,원성동,8.14,"1,088,818",,,,
천안시,동남구,일봉동,2.53,"57,228",,,,
천안시,동남구,중앙동,0.86,"7,866.00",,,,
천안시,동남구,풍세면,30.25,"414,013.60",,,,
천안시,동남구,청룡동,16.89,"861,176.10",,,,
제천시,교동,교동,3.75,"143,571",,,,
제천시,금성면,금성면,68.48,1847.6,,,,
제천시,남현동,남현동,0.85,"9,797",,,,
제천시,덕산면,덕산면,111.51,20420,,,,
제천시,백운면,백운면,135.14,0,,,,
제천시,봉양읍,봉양읍,144.87,2376,,,,
제천시,송학면,송학면,72.69,0,,,,
제천시,수산면,수산면,88.89,35200,,,,
제천시,신백동,신백동,34.53,1576,,,,
제천시,영서동,영서동,10.89,"6,537",,,,
제천시,용두동,용두동,15.39,"200,252.40",,,,
제천시,의림지동,의림지동,12.24,"3,649",,,,
제천시,중앙동,중앙동,0.97,7866,,,,
제천시,청전동,청전동,2.75,68239.639,,,,
제천시,청풍면,청풍면,91.75,0.00,,,,
제천시,한수면,한수면,75.37,0,,,,
제천시,화산동,화산동,13.02,"58,808",,,,
청주시,상당구,낭성면,59.58,"1,319",,,,
청주시,상당구,미원면,129.64,42182,,,,
청주시,상당구,가덕면,49.8,0,,,,
청주시,상당구,남일면,35.18,"31,402",,,,
청주시,상당구,문의면,93.3,6818,,,,
청주시,상당구,중앙동,1.79,"85,375",,,,
청주시,상당구,성안동,1.16,"1,197,802.30",,,,
청주시,상당구,탑대성동,0.79,13255,,,,
청주시,상당구,영운동,0.8,"122,476.00",,,,
청주시,상당구,금천동,1.48,62535.7,,,,
청주시,상당구,용담명암산성동,8.52,0,,,,
청주시,상당구,용암동,22.51,"2,674,126.30",,,,
청주시,서원구,남이면,48.84,"5,901",,,,
청주시,서원구,현도면,43.47,49457,,,,
청주시,서원구,사직동,2.23,"144,480",,,,
청주시,서원구,사창동,1.04,3209,,,,
청주시,서원구,모충동,1.59,414982,,,,
청주시,서원구,분평동,1.9,53437,,,,
청주시,서원구,산남동,3.7,"71,373",,,,
청주시,서원구,수곡동,1.89,214315,,,,
청주시,서원구,성화개신죽림동,6.11,"1,614,939.70",,,,
청주시,흥덕구,오송읍,40.74,"539,861",,,,
청주시,흥덕구,강내면,29.99,98788,,,,
청주시,흥덕구,옥산면,65.49,71338,,,,
청주시,흥덕구,운천신봉동,2.12,19885,,,,
청주시,흥덕구,복대동,3.68,173875.6,,,,
청주시,흥덕구,가경동,3.31,"384,207.70",,,,
청주시,흥덕구,봉명동,5.51,"335,956",,,,
청주시,흥덕구,강서동,47.31,"1,386,566.90",,,,
청주시,청원구,내수읍,55.37,701562,,,,
청주시,청원구,오창읍,80.2,"1,080,124",,,,
청주시,청원구,북이면,47.46,1530,,,,
청주시,청원구,우암동,1.75,34052,,,,
청주시,청원구,내덕동,2.84,176913,,,,
청주시,청원구,율량사천동,8.54,"522,182.30",,,,
청주시,청원구,오근장동,18.87,"299,637.70",,,,
충주시,주덕읍,주덕읍,48.4,"65,956",,,,
충주시,살미면,살미면,91.6,0,,,,
충주시,수안보면,수안보면,73.4,6242.1,,,,
충주시,대소원면,대소원면,61.9,174908.9,,,,
충주시,신니면,신니면,59.8,0,,,,
충주시,노은면,노은면,61.8,2750,,,,
충주시,앙성면,앙성면,100.3,4058.1,,,,
충주시,중앙탑면,중앙탑면,48.1,"1,012,986.60",,,,
충주시,금가면,금가면,33.8,4706.3,,,,
충주시,동량면,동량면,109.4,"148,110",,,,
충주시,산척면,산척면,78.4,0,,,,
충주시,엄정면,엄정면,56.5,183000.1,,,,
충주시,소태면,소태면,63,0,,,,
충주시,성내충인동,성내충인동,0.5,0.00,,,,
충주시,교현안림동,교현안림동,28.6,"163,650.10",,,,
충주시,용산동,용산동,1.5,3538.1,,,,
충주시,지현동,지현동,0.6,2983.1,,,,
충주시,문화동,문화동,1,5239.3,,,,
충주시,호암직동,호암직동,14.3,912588.9,,,,
충주시,달천동,달천동,23,0,,,,
충주시,봉방동,봉방동,3.6,13156.8,,,,
충주시,칠금금릉동,칠금금릉동,5.9,"37,617.60",,,,
충주시,연수동,연수동,5,77622.2,,,,
충주시,목행용탄동,목행용탄동,13.6,"179,415.70",,,,
충주시,교현동,교현동,0.94,0,,,,